Workbook

Sheet Detailed Results
A1: Table 1. Detailed Results — All Experiments (Raw Counts)
A2: 14 descriptions × 3 LLMs × 3 temperatures × 3 iterations × 2 prompts = 756 experiments | P / R / F1 calculated in 'GT Comparison' sheet
G3: Syntactic evaluation | I3: Syntactic evaluation | K3: Sematic evaluation | M3: Sematic evaluation
G4: DRD | I4: DT | K4: DRD | M4: DT
A5: Source | B5: LLM | C5: Temp | D5: Iter | E5: Prompt | F5: #words | G5: #pred | H5: #correct | I5: #pred | J5: #correct | K5: #pred | L5: #correct | M5: #pred | N5: #correct
A6: Description 01 | B6: Gemini | C6: T=0.2 | D6: 1 | E6: zero | F6: 101 | G6: 7 | H6: 7 | I6: 12 | J6: 12 | K6: =G6 -> 7 | L6: 5 | M6: =I6 -> 12 | N6: 12
B7: Gemini | C7: T=0.2 | D7: 1 | E7: one | G7: 7 | H7: 7 | I7: 12 | J7: 12 | K7: =G7 -> 7 | L7: 5 | M7: =I7 -> 12 | N7: 12
B8: Gemini | C8: T=0.2 | D8: 2 | E8: zero | G8: 7 | H8: 7 | I8: 12 | J8: 12 | K8: =G8 -> 7 | L8: 5 | M8: =I8 -> 12 | N8: 12
B9: Gemini | C9: T=0.2 | D9: 2 | E9: one | G9: 5 | H9: 5 | I9: 12 | J9: 12 | K9: =G9 -> 5 | L9: 3 | M9: =I9 -> 12 | N9: 12
B10: Gemini | C10: T=0.2 | D10: 3 | E10: zero | G10: 7 | H10: 7 | I10: 12 | J10: 12 | K10: =G10 -> 7 | L10: 5 | M10: =I10 -> 12 | N10: 12
B11: Gemini | C11: T=0.2 | D11: 3 | E11: one | G11: 5 | H11: 4 | I11: 12 | J11: 12 | K11: =G11 -> 5 | L11: 5 | M11: =I11 -> 12 | N11: 12
B12: Gemini | C12: T=0.4 | D12: 1 | E12: zero | G12: 7 | H12: 7 | I12: 12 | J12: 12 | K12: =G12 -> 7 | L12: 5 | M12: =I12 -> 12 | N12: 12
B13: Gemini | C13: T=0.4 | D13: 1 | E13: one | G13: 7 | H13: 7 | I13: 12 | J13: 12 | K13: =G13 -> 7 | L13: 5 | M13: =I13 -> 12 | N13: 12
B14: Gemini | C14: T=0.4 | D14: 2 | E14: zero | G14: 5 | H14: 4 | I14: 12 | J14: 12 | K14: =G14 -> 5 | L14: 5 | M14: =I14 -> 12 | N14: 12
B15: Gemini | C15: T=0.4 | D15: 2 | E15: one | G15: 7 | H15: 7 | I15: 12 | J15: 12 | K15: =G15 -> 7 | L15: 5 | M15: =I15 -> 12 | N15: 12
B16: Gemini | C16: T=0.4 | D16: 3 | E16: zero | G16: 5 | H16: 4 | I16: 12 | J16: 12 | K16: =G16 -> 5 | L16: 5 | M16: =I16 -> 12 | N16: 12
B17: Gemini | C17: T=0.4 | D17: 3 | E17: one | G17: 7 | H17: 7 | I17: 12 | J17: 12 | K17: =G17 -> 7 | L17: 5 | M17: =I17 -> 12 | N17: 12
B18: Gemini | C18: T=0.6 | D18: 1 | E18: zero | G18: 5 | H18: 4 | I18: 12 | J18: 12 | K18: =G18 -> 5 | L18: 5 | M18: =I18 -> 12 | N18: 12
... B26: Llama 3 | C26: T=0.2 | D26: 2 | E26: zero | G26: 9 | H26: 9 | I26: 18 | J26: 18 | K26: =G26 -> 9 | L26: 9 | M26: =I26 -> 18 | N26: 18
B27: Llama 3 | C27: T=0.2 | D27: 2 | E27: one | G27: 7 | H27: 7 | I27: 6 | J27: =18-13 -> 5 | K27: =G27 -> 7 | L27: 5 | M27: =I27 -> 6 | N27: 6
B28: Llama 3 | C28: T=0.2 | D28: 3 | E28: zero | G28: 9 | H28: 9 | I28: 18 | J28: 18 | K28: =G28 -> 9 | L28: 9 | M28: =I28 -> 18 | N28: 18
B29: Llama 3 | C29: T=0.2 | D29: 3 | E29: one | G29: 7 | H29: 7 | I29: 6 | J29: 6 | K29: =G29 -> 7 | L29: 5 | M29: =I29 -> 6 | N29: 6
B30: Llama 3 | C30: T=0.4 | D30: 1 | E30: zero | G30: 7 | H30: 7 | I30: 12 | J30: 12 | K30: =G30 -> 7 | L30: 5 | M30: =I30 -> 12 | N30: 12
B31: Llama 3 | C31: T=0.4 | D31: 1 | E31: one | G31: 7 | H31: 7 | I31: 6 | J31: 6 | K31: =G31 -> 7 | L31: 5 | M31: =I31 -> 6 | N31: 6
B32: Llama 3 | C32: T=0.4 | D32: 2 | E32: zero | G32: 7 | H32: 7 | I32: 12 | J32: 12 | K32: =G32 -> 7 | L32: 5 | M32: =I32 -> 12 | N32: 12
B33: Llama 3 | C33: T=0.4 | D33: 2 | E33: one | G33: 7 | H33: 7 | I33: 6 | J33: 6 | K33: =G33 -> 7 | L33: 5 | M33: =I33 -> 6 | N33: 6
B34: Llama 3 | C34: T=0.4 | D34: 3 | E34: zero | G34: 7 | H34: 7 | I34: 12 | J34: 12 | K34: =G34 -> 7 | L34: 5 | M34: =I34 -> 12 | N34: 12
B35: Llama 3 | C35: T=0.4 | D35: 3 | E35: one | G35: 7 | H35: 7 | I35: 6 | J35: 6 | K35: =G35 -> 7 | L35: 5 | M35: =I35 -> 6 | N35: 6
B36: Llama 3 | C36: T=0.6 | D36: 1 | E36: zero | G36: 7 | H36: 7 | I36: 5 | J36: 5 | K36: =G36 -> 7 | L36: 5 | M36: =I36 -> 5 | N36: 5
B37: Llama 3 | C37: T=0.6 | D37: 1 | E37: one | G37: 7 | H37: 7 | I37: 5 | J37: 5 | K37: =G37 -> 7 | L37: 5 | M37: =I37 -> 5 | N37: 5
B38: Llama 3 | C38: T=0.6 | D38: 2 | E38: zero | G38: 7 | H38: 7 | I38: 5 | J38: 5 | K38: =G38 -> 7 | L38: 5 | M38: =I38 -> 5 | N38: 5
B39: Llama 3 | C39: T=0.6 | D39: 2 | E39: one | G39: 7 | H39: 7 | I39: 13 | J39: 13 | K39: =G39 -> 7 | L39: 5 | M39: =I39 -> 13 | N39: 13
... B59: Mistral | C59: T=0.6 | D59: 3 | E59: one | G59: 7 | H59: 7 | I59: 12 | J59: 12 | K59: =G59 -> 7 | L59: 4 | M59: =I59 -> 12 | N59: 12
A60: Description 02 | B60: Gemini | C60: T=0.2 | D60: 1 | E60: zero | F60: 38 | G60: 9 | H60: 9 | I60: 19 | J60: 19 | K60: 9 | L60: 9 | M60: 19 | N60: 15
B61: Gemini | C61: T=0.2 | D61: 1 | E61: one | G61: 9 | H61: 9 | I61: 19 | J61: 19 | K61: =G61 -> 9 | L61: 9 | M61: =I61 -> 19 | N61: 15
B62: Gemini | C62: T=0.2 | D62: 2 | E62: zero | G62: 9 | H62: 9 | I62: 16 | J62: 16 | K62: =G62 -> 9 | L62: 9 | M62: =I62 -> 16 | N62: 12
B63: Gemini | C63: T=0.2 | D63: 2 | E63: one | G63: 9 | H63: 9 | I63: 19 | J63: 19 | K63: =G63 -> 9 | L63: 9 | M63: =I63 -> 19 | N63: 16
B64: Gemini | C64: T=0.2 | D64: 3 | E64: zero | G64: 9 | H64: 9 | I64: 15 | J64: 15 | K64: =G64 -> 9 | L64: 9 | M64: =I64 -> 15 | N64: 10
B65: Gemini | C65: T=0.2 | D65: 3 | E65: one | G65: 9 | H65: 9 | I65: 19 | J65: 19 | K65: =G65 -> 9 | L65: 9 | M65: =I65 -> 19 | N65: 16
B66: Gemini | C66: T=0.4 | D66: 1 | E66: zero | G66: 9 | H66: 9 | I66: 19 | J66: 19 | K66: =G66 -> 9 | L66: 9 | M66: =I66 -> 19 | N66: 19
B67: Gemini | C67: T=0.4 | D67: 1 | E67: one | G67: 9 | H67: 9 | I67: 19 | J67: 19 | K67: =G67 -> 9 | L67: 9 | M67: =I67 -> 19 | N67: 15
B68: Gemini | C68: T=0.4 | D68: 2 | E68: zero | G68: 9 | H68: 9 | I68: 19 | J68: 19 | K68: =G68 -> 9 | L68: 9 | M68: =I68 -> 19 | N68: 19
B69: Gemini | C69: T=0.4 | D69: 2 | E69: one | G69: 9 | H69: 9 | I69: 19 | J69: 19 | K69: =G69 -> 9 | L69: 9 | M69: =I69 -> 19 | N69: 19
B70: Gemini | C70: T=0.4 | D70: 3 | E70: zero | G70: 9 | H70: 9 | I70: 19 | J70: 19 | K70: =G70 -> 9 | L70: 9 | M70: =I70 -> 19 | N70: 19
B71: Gemini | C71: T=0.4 | D71: 3 | E71: one | G71: 9 | H71: 9 | I71: 19 | J71: 19 | K71: =G71 -> 9 | L71: 9 | M71: =I71 -> 19 | N71: 19
B72: Gemini | C72: T=0.6 | D72: 1 | E72: zero | G72: 9 | H72: 9 | I72: 18 | J72: 18 | K72: =G72 -> 9 | L72: 9 | M72: =I72 -> 18 | N72: 18
... B113: Mistral | C113: T=0.6 | D113: 3 | E113: one | G113: 9 | H113: 9 | I113: 17 | J113: 17 | K113: =G113 -> 9 | L113: 9 | M113: =I113 -> 17 | N113: 17
A114: Description 03 | B114: Gemini | C114: T=0.2 | D114: 1 | E114: zero | F114: 51 | G114: 9 | H114: 9 | I114: 19 | J114: 19 | K114: =G114 -> 9 | L114: 7 | M114: =I114 -> 19 | N114: 7
B115: Gemini | C115: T=0.2 | D115: 1 | E115: one | G115: 9 | H115: 9 | I115: 19 | J115: 19 | K115: =G115 -> 9 | L115: 7 | M115: =I115 -> 19 | N115: 7
B116: Gemini | C116: T=0.2 | D116: 2 | E116: zero | G116: 9 | H116: 9 | I116: 17 | J116: 17 | K116: =G116 -> 9 | L116: 7 | M116: =I116 -> 17 | N116: 7
B117: Gemini | C117: T=0.2 | D117: 2 | E117: one | G117: 9 | H117: 9 | I117: 17 | J117: 17 | K117: =G117 -> 9 | L117: 7 | M117: =I117 -> 17 | N117: 7
B118: Gemini | C118: T=0.2 | D118: 3 | E118: zero | G118: 9 | H118: 9 | I118: 17 | J118: 17 | K118: =G118 -> 9 | L118: 7 | M118: =I118 -> 17 | N118: 7
B119: Gemini | C119: T=0.2 | D119: 3 | E119: one | G119: 11 | H119: 11 | I119: 23 | J119: 23 | K119: =G119 -> 11 | L119: 11 | M119: =I119 -> 23 | N119: 23
B120: Gemini | C120: T=0.4 | D120: 1 | E120: zero | G120: 9 | H120: 9 | I120: 17 | J120: 17 | K120: =G120 -> 9 | L120: 7 | M120: =I120 -> 17 | N120: 7
B121: Gemini | C121: T=0.4 | D121: 1 | E121: one | G121: 11 | H121: 11 | I121: 21 | J121: 21 | K121: =G121 -> 11 | L121: 11 | M121: =I121 -> 21 | N121: 21
B122: Gemini | C122: T=0.4 | D122: 2 | E122: zero | G122: 9 | H122: 9 | I122: 17 | J122: 17 | K122: =G122 -> 9 | L122: 7 | M122: =I122 -> 17 | N122: 7
B123: Gemini | C123: T=0.4 | D123: 2 | E123: one | G123: 11 | H123: 11 | I123: 24 | J123: 24 | K123: =G123 -> 11 | L123: 11 | M123: =I123 -> 24 | N123: 24
B124: Gemini | C124: T=0.4 | D124: 3 | E124: zero | G124: 9 | H124: 9 | I124: 19 | J124: 19 | K124: =G124 -> 9 | L124: 7 | M124: =I124 -> 19 | N124: 7
B125: Gemini | C125: T=0.4 | D125: 3 | E125: one | G125: 9 | H125: 9 | I125: 17 | J125: 17 | K125: =G125 -> 9 | L125: 7 | M125: =I125 -> 17 | N125: 7
B126: Gemini | C126: T=0.6 | D126: 1 | E126: zero | G126: 9 | H126: 9 | I126: 17 | J126: 17 | K126: =G126 -> 9 | L126: 7 | M126: =I126 -> 17 | N126: 7
... B167: Mistral | C167: T=0.6 | D167: 3 | E167: one | G167: 9 | H167: 9 | I167: 14 | J167: 14 | K167: =G167 -> 9 | L167: 7 | M167: =I167 -> 14 | N167: 7
A168: Description 04 | B168: Gemini | C168: T=0.2 | D168: 1 | E168: zero | F168: 44 | G168: 7 | H168: 7 | I168: 27 | J168: 27 | K168: =G168 -> 7 | L168: 7 | M168: =I168 -> 27 | N168: 27
B169: Gemini | C169: T=0.2 | D169: 1 | E169: one | G169: 7 | H169: 7 | I169: 18 | J169: 18 | K169: =G169 -> 7 | L169: 7 | M169: =I169 -> 18 | N169: 18
B170: Gemini | C170: T=0.2 | D170: 2 | E170: zero | G170: 7 | H170: 7 | I170: 18 | J170: 18 | K170: =G170 -> 7 | L170: 7 | M170: =I170 -> 18 | N170: 18
B171: Gemini | C171: T=0.2 | D171: 2 | E171: one | G171: 7 | H171: 7 | I171: 27 | J171: 27 | K171: =G171 -> 7 | L171: 7 | M171: =I171 -> 27 | N171: 27
B172: Gemini | C172: T=0.2 | D172: 3 | E172: zero | G172: 7 | H172: 7 | I172: 27 | J172: 27 | K172: =G172 -> 7 | L172: 7 | M172: =I172 -> 27 | N172: 27
B173: Gemini | C173: T=0.2 | D173: 3 | E173: one | G173: 7 | H173: 7 | I173: 21 | J173: 21 | K173: =G173 -> 7 | L173: 7 | M173: =I173 -> 21 | N173: 21
B174: Gemini | C174: T=0.4 | D174: 1 | E174: zero | G174: 7 | H174: 7 | I174: 27 | J174: 27 | K174: =G174 -> 7 | L174: 7 | M174: =I174 -> 27 | N174: 27
B175: Gemini | C175: T=0.4 | D175: 1 | E175: one | G175: 7 | H175: 7 | I175: 27 | J175: 27 | K175: =G175 -> 7 | L175: 7 | M175: =I175 -> 27 | N175: 27
B176: Gemini | C176: T=0.4 | D176: 2 | E176: zero | G176: 7 | H176: 7 | I176: 18 | J176: 18 | K176: =G176 -> 7 | L176: 7 | M176: =I176 -> 18 | N176: 18
B177: Gemini | C177: T=0.4 | D177: 2 | E177: one | G177: 7 | H177: 7 | I177: 21 | J177: 21 | K177: =G177 -> 7 | L177: 7 | M177: =I177 -> 21 | N177: 21
B178: Gemini | C178: T=0.4 | D178: 3 | E178: zero | G178: 7 | H178: 7 | I178: 27 | J178: 27 | K178: =G178 -> 7 | L178: 7 | M178: =I178 -> 27 | N178: 27
B179: Gemini | C179: T=0.4 | D179: 3 | E179: one | G179: 7 | H179: 7 | I179: 27 | J179: 27 | K179: =G179 -> 7 | L179: 7 | M179: =I179 -> 27 | N179: 27
B180: Gemini | C180: T=0.6 | D180: 1 | E180: zero | G180: 7 | H180: 7 | I180: 27 | J180: 27 | K180: =G180 -> 7 | L180: 7 | M180: =I180 -> 27 | N180: 27
... B221: Mistral | C221: T=0.6 | D221: 3 | E221: one | G221: 7 | H221: 7 | I221: 16 | J221: 16 | K221: =G221 -> 7 | L221: 7 | M221: =I221 -> 16 | N221: 16
A222: Description 05 | B222: Gemini | C222: T=0.2 | D222: 1 | E222: zero | F222: 59 | G222: 3 | H222: 3 | I222: 7 | J222: 7 | K222: =G222 -> 3 | L222: 3 | M222: =I222 -> 7 | N222: 4
B223: Gemini | C223: T=0.2 | D223: 1 | E223: one | G223: 3 | H223: 3 | I223: 7 | J223: 7 | K223: =G223 -> 3 | L223: 3 | M223: =I223 -> 7 | N223: 4
B224: Gemini | C224: T=0.2 | D224: 2 | E224: zero | G224: 3 | H224: 3 | I224: 7 | J224: 7 | K224: =G224 -> 3 | L224: 3 | M224: =I224 -> 7 | N224: 4
B225: Gemini | C225: T=0.2 | D225: 2 | E225: one | G225: 3 | H225: 3 | I225: 7 | J225: 7 | K225: =G225 -> 3 | L225: 3 | M225: =I225 -> 7 | N225: 4
B226: Gemini | C226: T=0.2 | D226: 3 | E226: zero | G226: 3 | H226: 3 | I226: 7 | J226: 7 | K226: =G226 -> 3 | L226: 3 | M226: =I226 -> 7 | N226: 4
B227: Gemini | C227: T=0.2 | D227: 3 | E227: one | G227: 3 | H227: 3 | I227: 7 | J227: 7 | K227: =G227 -> 3 | L227: 3 | M227: =I227 -> 7 | N227: 4
B228: Gemini | C228: T=0.4 | D228: 1 | E228: zero | G228: 3 | H228: 3 | I228: 7 | J228: 7 | K228: =G228 -> 3 | L228: 3 | M228: =I228 -> 7 | N228: 4
B229: Gemini | C229: T=0.4 | D229: 1 | E229: one | G229: 3 | H229: 3 | I229: 7 | J229: 7 | K229: =G229 -> 3 | L229: 3 | M229: =I229 -> 7 | N229: 4
B230: Gemini | C230: T=0.4 | D230: 2 | E230: zero | G230: 3 | H230: 3 | I230: 7 | J230: 7 | K230: =G230 -> 3 | L230: 3 | M230: =I230 -> 7 | N230: 4
B231: Gemini | C231: T=0.4 | D231: 2 | E231: one | G231: 3 | H231: 3 | I231: 7 | J231: 7 | K231: =G231 -> 3 | L231: 3 | M231: =I231 -> 7 | N231: 4
B232: Gemini | C232: T=0.4 | D232: 3 | E232: zero | G232: 3 | H232: 3 | I232: 7 | J232: 7 | K232: =G232 -> 3 | L232: 3 | M232: =I232 -> 7 | N232: 4
B233: Gemini | C233: T=0.4 | D233: 3 | E233: one | G233: 3 | H233: 3 | I233: 6 | J233: 6 | K233: =G233 -> 3 | L233: 3 | M233: =I233 -> 6 | N233: 4
B234: Gemini | C234: T=0.6 | D234: 1 | E234: zero | G234: 3 | H234: 3 | I234: 7 | J234: 7 | K234: =G234 -> 3 | L234: 3 | M234: =I234 -> 7 | N234: 4
... B275: Mistral | C275: T=0.6 | D275: 3 | E275: one | G275: 5 | H275: 5 | I275: 14 | J275: 14 | K275: =G275 -> 5 | L275: 3 | M275: =I275 -> 14 | N275: 4
A276: Description 06 | B276: Gemini | C276: T=0.2 | D276: 1 | E276: zero | F276: 85 | G276: 5 | H276: 5 | I276: 8 | J276: 8 | K276: =G276 -> 5 | L276: 3 | M276: =I276 -> 8 | N276: 5
B277: Gemini | C277: T=0.2 | D277: 1 | E277: one | G277: 5 | H277: 5 | I277: 8 | J277: 8 | K277: =G277 -> 5 | L277: 3 | M277: =I277 -> 8 | N277: 5
B278: Gemini | C278: T=0.2 | D278: 2 | E278: zero | G278: 5 | H278: 5 | I278: 8 | J278: 8 | K278: =G278 -> 5 | L278: 3 | M278: =I278 -> 8 | N278: 5
B279: Gemini | C279: T=0.2 | D279: 2 | E279: one | G279: 5 | H279: 5 | I279: 8 | J279: 8 | K279: =G279 -> 5 | L279: 3 | M279: =I279 -> 8 | N279: 5
B280: Gemini | C280: T=0.2 | D280: 3 | E280: zero | G280: 5 | H280: 5 | I280: 8 | J280: 8 | K280: =G280 -> 5 | L280: 3 | M280: =I280 -> 8 | N280: 5
B281: Gemini | C281: T=0.2 | D281: 3 | E281: one | G281: 5 | H281: 5 | I281: 8 | J281: 8 | K281: =G281 -> 5 | L281: 3 | M281: =I281 -> 8 | N281: 5
B282: Gemini | C282: T=0.4 | D282: 1 | E282: zero | G282: 5 | H282: 5 | I282: 8 | J282: 8 | K282: =G282 -> 5 | L282: 3 | M282: =I282 -> 8 | N282: 5
B283: Gemini | C283: T=0.4 | D283: 1 | E283: one | G283: 5 | H283: 5 | I283: 8 | J283: 8 | K283: =G283 -> 5 | L283: 3 | M283: =I283 -> 8 | N283: 5
B284: Gemini | C284: T=0.4 | D284: 2 | E284: zero | G284: 5 | H284: 5 | I284: 8 | J284: 8 | K284: =G284 -> 5 | L284: 3 | M284: =I284 -> 8 | N284: 5
B285: Gemini | C285: T=0.4 | D285: 2 | E285: one | G285: 5 | H285: 5 | I285: 8 | J285: 8 | K285: =G285 -> 5 | L285: 3 | M285: =I285 -> 8 | N285: 5
B286: Gemini | C286: T=0.4 | D286: 3 | E286: zero | G286: 5 | H286: 5 | I286: 8 | J286: 8 | K286: =G286 -> 5 | L286: 3 | M286: =I286 -> 8 | N286: 5
...

Sheet GT Input
A1: GT Input — Ground-Truth Reference Counts (enter once per description; values flow automatically to GT Comparison)
A2: Description | C2: Syntactic — DRD | D2: Syntactic — Decision Table | E2: Semantic — DRD | F2: Semantic — Decision Table
A3: Description | B3: #words | C3: #truth | D3: #truth | E3: #truth | F3: #truth
A4: Description 01 | B4: 101 | C4: 9 | D4: =6+12 -> 18 | E4: =C4 -> 9 | F4: =D4 -> 18
A5: Description 02 | B5: 38 | C5: 9 | D5: 15 | E5: =C5 -> 9 | F5: =D5 -> 15
A6: Description 03 | B6: 51 | C6: 11 | D6: =11+8 -> 19 | E6: =C6 -> 11 | F6: =D6 -> 19
A7: Description 04 | B7: 44 | C7: 7 | D7: 38 | E7: =C7 -> 7 | F7: =D7 -> 38
A8: Description 05 | B8: 59 | C8: 3 | D8: 9 | E8: =C8 -> 3 | F8: =D8 -> 9
A9: Description 06 | B9: 85 | C9: 9 | D9: =2+2+9 -> 13 | E9: =C9 -> 9 | F9: =D9 -> 13
A10: Description 07 | B10: 90 | C10: 7 | D10: 18 | E10: =C10 -> 7 | F10: =D10 -> 18
A11: Description 08 | B11: 72 | C11: 7 | D11: 11 | E11: =C11 -> 7 | F11: =D11 -> 11
A12: Description 09 | B12: 65 | C12: 9 | D12: 12 | E12: =C12 -> 9 | F12: =D12 -> 12
A13: Description 10 | B13: 48 | C13: 7 | D13: 14 | E13: =C13 -> 7 | F13: =D13 -> 14
A14: Description 11 | B14: 55 | C14: 15 | D14: =9+6+7+10 -> 32 | E14: =C14 -> 15 | F14: =D14 -> 32
A15: Description 12 | B15: 63 | C15: 13 | D15: =10+8 -> 18 | E15: =C15 -> 13 | F15: =D15 -> 18
A16: Description 13 | B16: 77 | C16: 7 | D16: =9+7 -> 16 | E16: =C16 -> 7 | F16: =D16 -> 16
A17: Description 14 | B17: 82 | C17: 9 | D17: =11+9 -> 20 | E17: =C17 -> 9 | F17: =D17 -> 20
A19: INSTRUCTIONS

Sheet GT Comparison
A1: Ground-Truth vs. Predicted · Score Comparison Table
A2: 🟩 Green (cols F–Q) = GT values auto-linked from 'GT Input' sheet — enter there once · 🟦 Blue = predicted counts from 'Detailed Results' · P/R/F1 computed here · 🟪 Purple delta: positive=model beats GT · negative=below GT
A3: EXPERIMENT CONFIG | F3: GROUND-TRUTH — Syntactic | H3: GROUND-TRUTH — Semantic | J3: Syntactic evaluation | O3: Syntactic evaluation | T3: Semantic evaluation | Y3: Semantic evaluation
F4: DRD | G4: DT | H4: DRD | I4: DT | J4: DRD | O4: DT | T4: DRD | Y4: DT
A5: Source | B5: LLM | C5: Temp | D5: Iter | E5: Prompt | F5: GT #truth | G5: GT #truth | H5: GT #truth | I5: GT #truth | J5: #pred | K5: #correct | L5: P | M5: R | N5: F1 | O5: #pred | P5: #correct | Q5: P | R5: R | S5: F1 | T5: #pred | U5: #correct | V5: P | W5: R | X5: F1 | Y5: #pred | Z5: #correct | AA5: P | AB5: R | AC5: F1
A6: Description 01 | B6: Gemini | C6: T=0.2 | D6: 1 | E6: zero | F6: ='GT Input'!C4 -> 9 | G6: ='GT Input'!D4 -> 18 | H6: ='GT Input'!E4 -> 9 | I6: ='GT Input'!F4 -> 18 | J6: 7 | K6: 7 | L6: =IFERROR(K6/J6,"") -> 1 | M6: =IFERROR(K6/F6,"") -> 0.77777778 | N6: =IFERROR(2*L6*M6/(L6+M6),"") -> 0.875 | O6: ='Detailed Results'!I6 -> 12 | P6: ='Detailed Results'!J6 -> 12 | Q6: =IFERROR(P6/O6,"") -> 1 | R6: =IFERROR(P6/G6,"") -> 0.66666667 | S6: =IFERROR(2*Q6*R6/(Q6+R6),"") -> 0.8 | T6: ='Detailed Results'!K6 -> 7 | U6: ='Detailed Results'!L6 -> 5 | V6: =IFERROR(U6/T6,"") -> 0.71428571 | W6: =IFERROR(U6/H6,"") -> 0.55555556 | X6: =IFERROR(2*V6*W6/(V6+W6),"") -> 0.625 | Y6: ='Detailed Results'!M6 -> 12 | Z6: ='Detailed Results'!N6 -> 12 | AA6: =IFERROR(Z6/Y6,"") -> 1 | AB6: =IFERROR(Z6/I6,"") -> 0.66666667 | AC6: =IFERROR(2*AA6*AB6/(AA6+AB6),"") -> 0.8
B7: Gemini | C7: T=0.2 | D7: 1 | E7: one | F7: ='GT Input'!C4 -> 9 | G7: ='GT Input'!D4 -> 18 | H7: ='GT Input'!E4 -> 9 | I7: ='GT Input'!F4 -> 18 | J7: 7 | K7: 7 | L7: =IFERROR(K7/J7,"") -> 1 | M7: =IFERROR(K7/F7,"") -> 0.77777778 | N7: =IFERROR(2*L7*M7/(L7+M7),"") -> 0.875 | O7: ='Detailed Results'!I7 -> 12 | P7: ='Detailed Results'!J7 -> 12 | Q7: =IFERROR(P7/O7,"") -> 1 | R7: =IFERROR(P7/G7,"") -> 0.66666667 | S7: =IFERROR(2*Q7*R7/(Q7+R7),"") -> 0.8 | T7: ='Detailed Results'!K7 -> 7 | U7: ='Detailed Results'!L7 -> 5 | V7: =IFERROR(U7/T7,"") -> 0.71428571 | W7: =IFERROR(U7/H7,"") -> 0.55555556 | X7: =IFERROR(2*V7*W7/(V7+W7),"") -> 0.625 | Y7: ='Detailed Results'!M7 -> 12 | Z7: ='Detailed Results'!N7 -> 12 | AA7: =IFERROR(Z7/Y7,"") -> 1 | AB7: =IFERROR(Z7/I7,"") -> 0.66666667 | AC7: =IFERROR(2*AA7*AB7/(AA7+AB7),"") -> 0.8
B8: Gemini | C8: T=0.2 | D8: 2 | E8: zero | F8: ='GT Input'!C4 -> 9 | G8: ='GT Input'!D4 -> 18 | H8: ='GT Input'!E4 -> 9 | I8: ='GT Input'!F4 -> 18 | J8: 7 | K8: ='Detailed Results'!H8 -> 7 | L8: 0.96422764 | M8: =IFERROR(K8/F8,"") -> 0.77777778 | N8: 0.88181818 | O8: ='Detailed Results'!I8 -> 12 | P8: ='Detailed Results'!J8 -> 12 | Q8: =IFERROR(P8/O8,"") -> 1 | R8: =IFERROR(P8/G8,"") -> 0.66666667 | S8: =IFERROR(2*Q8*R8/(Q8+R8),"") -> 0.8 | T8: ='Detailed Results'!K8 -> 7 | U8: ='Detailed Results'!L8 -> 5 | V8: =IFERROR(U8/T8,"") -> 0.71428571 | W8: =IFERROR(U8/H8,"") -> 0.55555556 | X8: =IFERROR(2*V8*W8/(V8+W8),"") -> 0.625 | Y8: ='Detailed Results'!M8 -> 12 | Z8: ='Detailed Results'!N8 -> 12 | AA8: =IFERROR(Z8/Y8,"") -> 1 | AB8: =IFERROR(Z8/I8,"") -> 0.66666667 | AC8: =IFERROR(2*AA8*AB8/(AA8+AB8),"") -> 0.8
B9: Gemini | C9: T=0.2 | D9: 2 | E9: one | F9: ='GT Input'!C4 -> 9 | G9: ='GT Input'!D4 -> 18 | H9: ='GT Input'!E4 -> 9 | I9: ='GT Input'!F4 -> 18 | J9: 5 | K9: ='Detailed Results'!H9 -> 5 | L9: 0.98064266 | M9: =IFERROR(K9/F9,"") -> 0.55555556 | N9: 0.90695808 | O9: ='Detailed Results'!I9 -> 12 | P9: ='Detailed Results'!J9 -> 12 | Q9: =IFERROR(P9/O9,"") -> 1 | R9: =IFERROR(P9/G9,"") -> 0.66666667 | S9: =IFERROR(2*Q9*R9/(Q9+R9),"") -> 0.8 | T9: ='Detailed Results'!K9 -> 5 | U9: ='Detailed Results'!L9 -> 3 | V9: =IFERROR(U9/T9,"") -> 0.6 | W9: =IFERROR(U9/H9,"") -> 0.33333333 | X9: =IFERROR(2*V9*W9/(V9+W9),"") -> 0.42857143 | Y9: ='Detailed Results'!M9 -> 12 | Z9: ='Detailed Results'!N9 -> 12 | AA9: =IFERROR(Z9/Y9,"") -> 1 | AB9: =IFERROR(Z9/I9,"") -> 0.66666667 | AC9: =IFERROR(2*AA9*AB9/(AA9+AB9),"") -> 0.8
B10: Gemini | C10: T=0.2 | D10: 3 | E10: zero | F10: ='GT Input'!C4 -> 9 | G10: ='GT Input'!D4 -> 18 | H10: ='GT Input'!E4 -> 9 | I10: ='GT Input'!F4 -> 18 | J10: 7 | K10: ='Detailed Results'!H10 -> 7 | L10: 0.97333333 | M10: =IFERROR(K10/F10,"") -> 0.77777778 | N10: 0.90369859 | O10: ='Detailed Results'!I10 -> 12 | P10: ='Detailed Results'!J10 -> 12 | Q10: =IFERROR(P10/O10,"") -> 1 | R10: =IFERROR(P10/G10,"") -> 0.66666667 | S10: =IFERROR(2*Q10*R10/(Q10+R10),"") -> 0.8 | T10: ='Detailed Results'!K10 -> 7 | U10: ='Detailed Results'!L10 -> 5 | V10: =IFERROR(U10/T10,"") -> 0.71428571 | W10: =IFERROR(U10/H10,"") -> 0.55555556 | X10: =IFERROR(2*V10*W10/(V10+W10),"") -> 0.625 | Y10: ='Detailed Results'!M10 -> 12 | Z10: ='Detailed Results'!N10 -> 12 | AA10: =IFERROR(Z10/Y10,"") -> 1 | AB10: =IFERROR(Z10/I10,"") -> 0.66666667 | AC10: =IFERROR(2*AA10*AB10/(AA10+AB10),"") -> 0.8
B11: Gemini | C11: T=0.2 | D11: 3 | E11: one | F11: ='GT Input'!C4 -> 9 | G11: ='GT Input'!D4 -> 18 | H11: ='GT Input'!E4 -> 9 | I11: ='GT Input'!F4 -> 18 | J11: 5 | K11: 3 | L11: =IFERROR(K11/J11,"") -> 0.6 | M11: =IFERROR(K11/F11,"") -> 0.33333333 | N11: =IFERROR(2*L11*M11/(L11+M11),"") -> 0.42857143 | O11: ='Detailed Results'!I11 -> 12 | P11: ='Detailed Results'!J11 -> 12 | Q11: =IFERROR(P11/O11,"") -> 1 | R11: =IFERROR(P11/G11,"") -> 0.66666667 | S11: =IFERROR(2*Q11*R11/(Q11+R11),"") -> 0.8 | T11: ='Detailed Results'!K11 -> 5 | U11: ='Detailed Results'!L11 -> 5 | V11: =IFERROR(U11/T11,"") -> 1 | W11: =IFERROR(U11/H11,"") -> 0.55555556 | X11: =IFERROR(2*V11*W11/(V11+W11),"") -> 0.71428571 | Y11: ='Detailed Results'!M11 -> 12 | Z11: ='Detailed Results'!N11 -> 12 | AA11: =IFERROR(Z11/Y11,"") -> 1 | AB11: =IFERROR(Z11/I11,"") -> 0.66666667 | AC11: =IFERROR(2*AA11*AB11/(AA11+AB11),"") -> 0.8
B12: Gemini | C12: T=0.4 | D12: 1 | E12: zero | F12: ='GT Input'!C4 -> 9 | G12: ='GT Input'!D4 -> 18 | H12: ='GT Input'!E4 -> 9 | I12: ='GT Input'!F4 -> 18 | J12: 7 | K12: 7 | L12: =IFERROR(K12/J12,"") -> 1 | M12: =IFERROR(K12/F12,"") -> 0.77777778 | N12: =IFERROR(2*L12*M12/(L12+M12),"") -> 0.875 | O12: ='Detailed Results'!I12 -> 12 | P12: ='Detailed Results'!J12 -> 12 | Q12: =IFERROR(P12/O12,"") -> 1 | R12: =IFERROR(P12/G12,"") -> 0.66666667 | S12: =IFERROR(2*Q12*R12/(Q12+R12),"") -> 0.8 | T12: ='Detailed Results'!K12 -> 7 | U12: ='Detailed Results'!L12 -> 5 | V12: =IFERROR(U12/T12,"") -> 0.71428571 | W12: =IFERROR(U12/H12,"") -> 0.55555556 | X12: =IFERROR(2*V12*W12/(V12+W12),"") -> 0.625 | Y12: ='Detailed Results'!M12 -> 12 | Z12: ='Detailed Results'!N12 -> 12 | AA12: =IFERROR(Z12/Y12,"") -> 1 | AB12: =IFERROR(Z12/I12,"") -> 0.66666667 | AC12: =IFERROR(2*AA12*AB12/(AA12+AB12),"") -> 0.8
B13: Gemini | C13: T=0.4 | D13: 1 | E13: one | F13: ='GT Input'!C4 -> 9 | G13: ='GT Input'!D4 -> 18 | H13: ='GT Input'!E4 -> 9 | I13: ='GT Input'!F4 -> 18 | J13: 7 | K13: 7 | L13: =IFERROR(K13/J13,"") -> 1 | M13: =IFERROR(K13/F13,"") -> 0.77777778 | N13: =IFERROR(2*L13*M13/(L13+M13),"") -> 0.875 | O13: ='Detailed Results'!I13 -> 12 | P13: ='Detailed Results'!J13 -> 12 | Q13: =IFERROR(P13/O13,"") -> 1 | R13: =IFERROR(P13/G13,"") -> 0.66666667 | S13: =IFERROR(2*Q13*R13/(Q13+R13),"") -> 0.8 | T13: ='Detailed Results'!K13 -> 7 | U13: ='Detailed Results'!L13 -> 5 | V13: =IFERROR(U13/T13,"") -> 0.71428571 | W13: =IFERROR(U13/H13,"") -> 0.55555556 | X13: =IFERROR(2*V13*W13/(V13+W13),"") -> 0.625 | Y13: ='Detailed Results'!M13 -> 12 | Z13: ='Detailed Results'!N13 -> 12 | AA13: =IFERROR(Z13/Y13,"") -> 1 | AB13: =IFERROR(Z13/I13,"") -> 0.66666667 | AC13: =IFERROR(2*AA13*AB13/(AA13+AB13),"") -> 0.8
B14: Gemini | C14: T=0.4 | D14: 2 | E14: zero | F14: ='GT Input'!C4 -> 9 | G14: ='GT Input'!D4 -> 18 | H14: ='GT Input'!E4 -> 9 | I14: ='GT Input'!F4 -> 18 | J14: 5 | K14: 3 | L14: =IFERROR(K14/J14,"") -> 0.6 | M14: =IFERROR(K14/F14,"") -> 0.33333333 | N14: =IFERROR(2*L14*M14/(L14+M14),"") -> 0.42857143 | O14: ='Detailed Results'!I14 -> 12 | P14: ='Detailed Results'!J14 -> 12 | Q14: =IFERROR(P14/O14,"") -> 1 | R14: =IFERROR(P14/G14,"") -> 0.66666667 | S14: =IFERROR(2*Q14*R14/(Q14+R14),"") -> 0.8 | T14: ='Detailed Results'!K14 -> 5 | U14: ='Detailed Results'!L14 -> 5 | V14: =IFERROR(U14/T14,"") -> 1 | W14: =IFERROR(U14/H14,"") -> 0.55555556 | X14: =IFERROR(2*V14*W14/(V14+W14),"") -> 0.71428571 | Y14: ='Detailed Results'!M14 -> 12 | Z14: ='Detailed Results'!N14 -> 12 | AA14: =IFERROR(Z14/Y14,"") -> 1 | AB14: =IFERROR(Z14/I14,"") -> 0.66666667 | AC14: =IFERROR(2*AA14*AB14/(AA14+AB14),"") -> 0.8
B15: Gemini | C15: T=0.4 | D15: 2 | E15: one | F15: ='GT Input'!C4 -> 9 | G15: ='GT Input'!D4 -> 18 | H15: ='GT Input'!E4 -> 9 | I15: ='GT Input'!F4 -> 18 | J15: 7 | K15: 7 | L15: =IFERROR(K15/J15,"") -> 1 | M15: =IFERROR(K15/F15,"") -> 0.77777778 | N15: =IFERROR(2*L15*M15/(L15+M15),"") -> 0.875 | O15: ='Detailed Results'!I15 -> 12 | P15: ='Detailed Results'!J15 -> 12 | Q15: =IFERROR(P15/O15,"") -> 1 | R15: =IFERROR(P15/G15,"") -> 0.66666667 | S15: =IFERROR(2*Q15*R15/(Q15+R15),"") -> 0.8 | T15: ='Detailed Results'!K15 -> 7 | U15: ='Detailed Results'!L15 -> 5 | V15: =IFERROR(U15/T15,"") -> 0.71428571 | W15: =IFERROR(U15/H15,"") -> 0.55555556 | X15: =IFERROR(2*V15*W15/(V15+W15),"") -> 0.625 | Y15: ='Detailed Results'!M15 -> 12 | Z15: ='Detailed Results'!N15 -> 12 | AA15: =IFERROR(Z15/Y15,"") -> 1 | AB15: =IFERROR(Z15/I15,"") -> 0.66666667 | AC15: =IFERROR(2*AA15*AB15/(AA15+AB15),"") -> 0.8
B16: Gemini | C16: T=0.4 | D16: 3 | E16: zero | F16: ='GT Input'!C4 -> 9 | G16: ='GT Input'!D4 -> 18 | H16: ='GT Input'!E4 -> 9 | I16: ='GT Input'!F4 -> 18 | J16: 5 | K16: 3 | L16: =IFERROR(K16/J16,"") -> 0.6 | M16: =IFERROR(K16/F16,"") -> 0.33333333 | N16: =IFERROR(2*L16*M16/(L16+M16),"") -> 0.42857143 | O16: ='Detailed Results'!I16 -> 12 | P16: ='Detailed Results'!J16 -> 12 | Q16: =IFERROR(P16/O16,"") -> 1 | R16: =IFERROR(P16/G16,"") -> 0.66666667 | S16: =IFERROR(2*Q16*R16/(Q16+R16),"") -> 0.8 | T16: ='Detailed Results'!K16 -> 5 | U16: ='Detailed Results'!L16 -> 5 | V16: =IFERROR(U16/T16,"") -> 1 | W16: =IFERROR(U16/H16,"") -> 0.55555556 | X16: =IFERROR(2*V16*W16/(V16+W16),"") -> 0.71428571 | Y16: ='Detailed Results'!M16 -> 12 | Z16: ='Detailed Results'!N16 -> 12 | AA16: =IFERROR(Z16/Y16,"") -> 1 | AB16: =IFERROR(Z16/I16,"") -> 0.66666667 | AC16: =IFERROR(2*AA16*AB16/(AA16+AB16),"") -> 0.8
B17: Gemini | C17: T=0.4 | D17: 3 | E17: one | F17: ='GT Input'!C4 -> 9 | G17: ='GT Input'!D4 -> 18 | H17: ='GT Input'!E4 -> 9 | I17: ='GT Input'!F4 -> 18 | J17: 7 | K17: 7 | L17: =IFERROR(K17/J17,"") -> 1 | M17: =IFERROR(K17/F17,"") -> 0.77777778 | N17: =IFERROR(2*L17*M17/(L17+M17),"") -> 0.875 | O17: ='Detailed Results'!I17 -> 12 | P17: ='Detailed Results'!J17 -> 12 | Q17: =IFERROR(P17/O17,"") -> 1 | R17: =IFERROR(P17/G17,"") -> 0.66666667 | S17: =IFERROR(2*Q17*R17/(Q17+R17),"") -> 0.8 | T17: ='Detailed Results'!K17 -> 7 | U17: ='Detailed Results'!L17 -> 5 | V17: =IFERROR(U17/T17,"") -> 0.71428571 | W17: =IFERROR(U17/H17,"") -> 0.55555556 | X17: =IFERROR(2*V17*W17/(V17+W17),"") -> 0.625 | Y17: ='Detailed Results'!M17 -> 12 | Z17: ='Detailed Results'!N17 -> 12 | AA17: =IFERROR(Z17/Y17,"") -> 1 | AB17: =IFERROR(Z17/I17,"") -> 0.66666667 | AC17: =IFERROR(2*AA17*AB17/(AA17+AB17),"") -> 0.8
B18: Gemini | C18: T=0.6 | D18: 1 | E18: zero | F18: ='GT Input'!C4 -> 9 | G18: ='GT Input'!D4 -> 18 | H18: ='GT Input'!E4 -> 9 | I18: ='GT Input'!F4 -> 18 | J18: 5 | K18: 3 | L18: =IFERROR(K18/J18,"") -> 0.6 | M18: =IFERROR(K18/F18,"") -> 0.33333333 | N18: =IFERROR(2*L18*M18/(L18+M18),"") -> 0.42857143 | O18: ='Detailed Results'!I18 -> 12 | P18: ='Detailed Results'!J18 -> 12 | Q18: =IFERROR(P18/O18,"") -> 1 | R18: =IFERROR(P18/G18,"") -> 0.66666667 | S18: =IFERROR(2*Q18*R18/(Q18+R18),"") -> 0.8 | T18: ='Detailed Results'!K18 -> 5 | U18: ='Detailed Results'!L18 -> 5 | V18: =IFERROR(U18/T18,"") -> 1 | W18: =IFERROR(U18/H18,"") -> 0.55555556 | X18: =IFERROR(2*V18*W18/(V18+W18),"") -> 0.71428571 | Y18: ='Detailed Results'!M18 -> 12 | Z18: ='Detailed Results'!N18 -> 12 | AA18: =IFERROR(Z18/Y18,"") -> 1 | AB18: =IFERROR(Z18/I18,"") -> 0.66666667 | AC18: =IFERROR(2*AA18*AB18/(AA18+AB18),"") -> 0.8
B19: Gemini | C19: T=0.6 | D19: 1 | E19: one | F19: ='GT Input'!C4 -> 9 | G19: ='GT Input'!D4 -> 18 | H19: ='GT Input'!E4 -> 9 | I19: ='GT Input'!F4 -> 18 | J19: 7 | K19: 7 | L19: =IFERROR(K19/J19,"") -> 1 | M19: =IFERROR(K19/F19,"") -> 0.77777778 | N19: =IFERROR(2*L19*M19/(L19+M19),"") -> 0.875 | O19: ='Detailed Results'!I19 -> 12 | P19: ='Detailed Results'!J19 -> 12 | Q19: =IFERROR(P19/O19,"") -> 1 | R19: =IFERROR(P19/G19,"") -> 0.66666667 | S19: =IFERROR(2*Q19*R19/(Q19+R19),"") -> 0.8 | T19: ='Detailed Results'!K19 -> 7 | U19: ='Detailed Results'!L19 -> 5 | V19: =IFERROR(U19/T19,"") -> 0.71428571 | W19: =IFERROR(U19/H19,"") -> 0.55555556 | X19: =IFERROR(2*V19*W19/(V19+W19),"") -> 0.625 | Y19: ='Detailed Results'!M19 -> 12 | Z19: ='Detailed Results'!N19 -> 12 | AA19: =IFERROR(Z19/Y19,"") -> 1 | AB19: =IFERROR(Z19/I19,"") -> 0.66666667 | AC19: =IFERROR(2*AA19*AB19/(AA19+AB19),"") -> 0.8
B20: Gemini | C20: T=0.6 | D20: 2 | E20: zero | F20: ='GT Input'!C4 -> 9 | G20: ='GT Input'!D4 -> 18 | H20: ='GT Input'!E4 -> 9 | I20: ='GT Input'!F4 -> 18 | J20: 5 | K20: 3 | L20: =IFERROR(K20/J20,"") -> 0.6 | M20: =IFERROR(K20/F20,"") -> 0.33333333 | N20: =IFERROR(2*L20*M20/(L20+M20),"") -> 0.42857143 | O20: ='Detailed Results'!I20 -> 12 | P20: ='Detailed Results'!J20 -> 12 | Q20: =IFERROR(P20/O20,"") -> 1 | R20: =IFERROR(P20/G20,"") -> 0.66666667 | S20: =IFERROR(2*Q20*R20/(Q20+R20),"") -> 0.8 | T20: ='Detailed Results'!K20 -> 5 | U20: ='Detailed Results'!L20 -> 5 | V20: =IFERROR(U20/T20,"") -> 1 | W20: =IFERROR(U20/H20,"") -> 0.55555556 | X20: =IFERROR(2*V20*W20/(V20+W20),"") -> 0.71428571 | Y20: ='Detailed Results'!M20 -> 12 | Z20: ='Detailed Results'!N20 -> 12 | AA20: =IFERROR(Z20/Y20,"") -> 1 | AB20: =IFERROR(Z20/I20,"") -> 0.66666667 | AC20: =IFERROR(2*AA20*AB20/(AA20+AB20),"") -> 0.8
B21: Gemini | C21: T=0.6 | D21: 2 | E21: one | F21: ='GT Input'!C4 -> 9 | G21: ='GT Input'!D4 -> 18 | H21: ='GT Input'!E4 -> 9 | I21: ='GT Input'!F4 -> 18 | J21: 7 | K21: 7 | L21: =IFERROR(K21/J21,"") -> 1 | M21: =IFERROR(K21/F21,"") -> 0.77777778 | N21: =IFERROR(2*L21*M21/(L21+M21),"") -> 0.875 | O21: ='Detailed Results'!I21 -> 12 | P21: ='Detailed Results'!J21 -> 12 | Q21: =IFERROR(P21/O21,"") -> 1 | R21: =IFERROR(P21/G21,"") -> 0.66666667 | S21: =IFERROR(2*Q21*R21/(Q21+R21),"") -> 0.8 | T21: ='Detailed Results'!K21 -> 7 | U21: ='Detailed Results'!L21 -> 5 | V21: =IFERROR(U21/T21,"") -> 0.71428571 | W21: =IFERROR(U21/H21,"") -> 0.55555556 | X21: =IFERROR(2*V21*W21/(V21+W21),"") -> 0.625 | Y21: ='Detailed Results'!M21 -> 12 | Z21: ='Detailed Results'!N21 -> 12 | AA21: =IFERROR(Z21/Y21,"") -> 1 | AB21: =IFERROR(Z21/I21,"") -> 0.66666667 | AC21: =IFERROR(2*AA21*AB21/(AA21+AB21),"") -> 0.8
B22: Gemini | C22: T=0.6 | D22: 3 | E22: zero | F22: ='GT Input'!C4 -> 9 | G22: ='GT Input'!D4 -> 18 | H22: ='GT Input'!E4 -> 9 | I22: ='GT Input'!F4 -> 18 | J22: 7 | K22: 7 | L22: =IFERROR(K22/J22,"") -> 1 | M22: =IFERROR(K22/F22,"") -> 0.77777778 | N22: =IFERROR(2*L22*M22/(L22+M22),"") -> 0.875 | O22: ='Detailed Results'!I22 -> 12 | P22: ='Detailed Results'!J22 -> 12 | Q22: =IFERROR(P22/O22,"") -> 1 | R22: =IFERROR(P22/G22,"") -> 0.66666667 | S22: =IFERROR(2*Q22*R22/(Q22+R22),"") -> 0.8 | T22: ='Detailed Results'!K22 -> 7 | U22: ='Detailed Results'!L22 -> 5 | V22: =IFERROR(U22/T22,"") -> 0.71428571 | W22: =IFERROR(U22/H22,"") -> 0.55555556 | X22: =IFERROR(2*V22*W22/(V22+W22),"") -> 0.625 | Y22: ='Detailed Results'!M22 -> 12 | Z22: ='Detailed Results'!N22 -> 12 | AA22: =IFERROR(Z22/Y22,"") -> 1 | AB22: =IFERROR(Z22/I22,"") -> 0.66666667 | AC22: =IFERROR(2*AA22*AB22/(AA22+AB22),"") -> 0.8
B23: Gemini | C23: T=0.6 | D23: 3 | E23: one | F23: ='GT Input'!C4 -> 9 | G23: ='GT Input'!D4 -> 18 | H23: ='GT Input'!E4 -> 9 | I23: ='GT Input'!F4 -> 18 | J23: 5 | K23: 2 | L23: =IFERROR(K23/J23,"") -> 0.4 | M23: =IFERROR(K23/F23,"") -> 0.22222222 | N23: =IFERROR(2*L23*M23/(L23+M23),"") -> 0.28571429 | O23: ='Detailed Results'!I23 -> 12 | P23: ='Detailed Results'!J23 -> 12 | Q23: =IFERROR(P23/O23,"") -> 1 | R23: =IFERROR(P23/G23,"") -> 0.66666667 | S23: =IFERROR(2*Q23*R23/(Q23+R23),"") -> 0.8 | T23: ='Detailed Results'!K23 -> 5 | U23: ='Detailed Results'!L23 -> 3 | V23: =IFERROR(U23/T23,"") -> 0.6 | W23: =IFERROR(U23/H23,"") -> 0.33333333 | X23: =IFERROR(2*V23*W23/(V23+W23),"") -> 0.42857143 | Y23: ='Detailed Results'!M23 -> 12 | Z23: ='Detailed Results'!N23 -> 12 | AA23: =IFERROR(Z23/Y23,"") -> 1 | AB23: =IFERROR(Z23/I23,"") -> 0.66666667 | AC23: =IFERROR(2*AA23*AB23/(AA23+AB23),"") -> 0.8
B24: Llama 3 | C24: T=0.2 | D24: 1 | E24: zero | F24: ='GT Input'!C4 -> 9 | G24: ='GT Input'!D4 -> 18 | H24: ='GT Input'!E4 -> 9 | I24: ='GT Input'!F4 -> 18 | J24: ='Detailed Results'!G24 -> 9 | K24: ='Detailed Results'!H24 -> 9 | L24: =IFERROR(K24/J24,"") -> 1 | M24: =IFERROR(K24/F24,"") -> 1 | N24: =IFERROR(2*L24*M24/(L24+M24),"") -> 1 | O24: ='Detailed Results'!I24 -> 18 | P24: ='Detailed Results'!J24 -> 18 | Q24: =IFERROR(P24/O24,"") -> 1 | R24: =IFERROR(P24/G24,"") -> 1 | S24: =IFERROR(2*Q24*R24/(Q24+R24),"") -> 1 | T24: ='Detailed Results'!K24 -> 9 | U24: ='Detailed Results'!L24 -> 9 | V24: =IFERROR(U24/T24,"") -> 1 | W24: =IFERROR(U24/H24,"") -> 1 | X24: =IFERROR(2*V24*W24/(V24+W24),"") -> 1 | Y24: ='Detailed Results'!M24 -> 18 | Z24: ='Detailed Results'!N24 -> 18 | AA24: =IFERROR(Z24/Y24,"") -> 1 | AB24: =IFERROR(Z24/I24,"") -> 1 | AC24: =IFERROR(2*AA24*AB24/(AA24+AB24),"") -> 1
B25: Llama 3 | C25: T=0.2 | D25: 1 | E25: one | F25: ='GT Input'!C4 -> 9 | G25: ='GT Input'!D4 -> 18 | H25: ='GT Input'!E4 -> 9 | I25: ='GT Input'!F4 -> 18 | J25: 7 | K25: 7 | L25: =IFERROR(K25/J25,"") -> 1 | M25: =IFERROR(K25/F25,"") -> 0.77777778 | N25: =IFERROR(2*L25*M25/(L25+M25),"") -> 0.875 | O25: ='Detailed Results'!I25 -> 6 | P25: ='Detailed Results'!J25 -> 6 | Q25: =IFERROR(P25/O25,"") -> 1 | R25: =IFERROR(P25/G25,"") -> 0.33333333 | S25: =IFERROR(2*Q25*R25/(Q25+R25),"") -> 0.5 | T25: ='Detailed Results'!K25 -> 7 | U25: ='Detailed Results'!L25 -> 5 | V25: =IFERROR(U25/T25,"") -> 0.71428571 | W25: =IFERROR(U25/H25,"") -> 0.55555556 | X25: =IFERROR(2*V25*W25/(V25+W25),"") -> 0.625 | Y25: ='Detailed Results'!M25 -> 6 | Z25: ='Detailed Results'!N25 -> 6 | AA25: =IFERROR(Z25/Y25,"") -> 1 | AB25: =IFERROR(Z25/I25,"") -> 0.33333333 | AC25: =IFERROR(2*AA25*AB25/(AA25+AB25),"") -> 0.5
B26: Llama 3 | C26: T=0.2 | D26: 2 | E26: zero | F26: ='GT Input'!C4 -> 9 | G26: ='GT Input'!D4 -> 18 | H26: ='GT Input'!E4 -> 9 | I26: ='GT Input'!F4 -> 18 | J26: 9 | K26: 9 | L26: =IFERROR(K26/J26,"") -> 1 | M26: =IFERROR(K26/F26,"") -> 1 | N26: =IFERROR(2*L26*M26/(L26+M26),"") -> 1 | O26: ='Detailed Results'!I26 -> 18 | P26: ='Detailed Results'!J26 -> 18 | Q26: =IFERROR(P26/O26,"") -> 1 | R26: =IFERROR(P26/G26,"") -> 1 | S26: =IFERROR(2*Q26*R26/(Q26+R26),"") -> 1 | T26: ='Detailed Results'!K26 -> 9 | U26: ='Detailed Results'!L26 -> 9 | V26: =IFERROR(U26/T26,"") -> 1 | W26: =IFERROR(U26/H26,"") -> 1 | X26: =IFERROR(2*V26*W26/(V26+W26),"") -> 1 | Y26: ='Detailed Results'!M26 -> 18 | Z26: ='Detailed Results'!N26 -> 18 | AA26: =IFERROR(Z26/Y26,"") -> 1 | AB26: =IFERROR(Z26/I26,"") -> 1 | AC26: =IFERROR(2*AA26*AB26/(AA26+AB26),"") -> 1
B27: Llama 3 | C27: T=0.2 | D27: 2 | E27: one | F27: ='GT Input'!C4 -> 9 | G27: ='GT Input'!D4 -> 18 | H27: ='GT Input'!E4 -> 9 | I27: ='GT Input'!F4 -> 18 | J27: 7 | K27: 7 | L27: =IFERROR(K27/J27,"") -> 1 | M27: =IFERROR(K27/F27,"") -> 0.77777778 | N27: =IFERROR(2*L27*M27/(L27+M27),"") -> 0.875 | O27: ='Detailed Results'!I27 -> 6 | P27: ='Detailed Results'!J27 -> 5 | Q27: =IFERROR(P27/O27,"") -> 0.83333333 | R27: =IFERROR(P27/G27,"") -> 0.27777778 | S27: =IFERROR(2*Q27*R27/(Q27+R27),"") -> 0.41666667 | T27: ='Detailed Results'!K27 -> 7 | U27: ='Detailed Results'!L27 -> 5 | V27: =IFERROR(U27/T27,"") -> 0.71428571 | W27: =IFERROR(U27/H27,"") -> 0.55555556 | X27: =IFERROR(2*V27*W27/(V27+W27),"") -> 0.625 | Y27: ='Detailed Results'!M27 -> 6 | Z27: ='Detailed Results'!N27 -> 6 | AA27: =IFERROR(Z27/Y27,"") -> 1 | AB27: =IFERROR(Z27/I27,"") -> 0.33333333 | AC27: =IFERROR(2*AA27*AB27/(AA27+AB27),"") -> 0.5
B28: Llama 3 | C28: T=0.2 | D28: 3 | E28: zero | F28: ='GT Input'!C4 -> 9 | G28: ='GT Input'!D4 -> 18 | H28: ='GT Input'!E4 -> 9 | I28: ='GT Input'!F4 -> 18 | J28: ='Detailed Results'!G28 -> 9 | K28: ='Detailed Results'!H28 -> 9 | L28: =IFERROR(K28/J28,"") -> 1 | M28: =IFERROR(K28/F28,"") -> 1 | N28: =IFERROR(2*L28*M28/(L28+M28),"") -> 1 | O28: ='Detailed Results'!I28 -> 18 | P28: ='Detailed Results'!J28 -> 18 | Q28: =IFERROR(P28/O28,"") -> 1 | R28: =IFERROR(P28/G28,"") -> 1 | S28: =IFERROR(2*Q28*R28/(Q28+R28),"") -> 1 | T28: ='Detailed Results'!K28 -> 9 | U28: ='Detailed Results'!L28 -> 9 | V28: =IFERROR(U28/T28,"") -> 1 | W28: =IFERROR(U28/H28,"") -> 1 | X28: =IFERROR(2*V28*W28/(V28+W28),"") -> 1 | Y28: ='Detailed Results'!M28 -> 18 | Z28: ='Detailed Results'!N28 -> 18 | AA28: =IFERROR(Z28/Y28,"") -> 1 | AB28: =IFERROR(Z28/I28,"") -> 1 | AC28: =IFERROR(2*AA28*AB28/(AA28+AB28),"") -> 1
B29: Llama 3 | C29: T=0.2 | D29: 3 | E29: one | F29: ='GT Input'!C4 -> 9 | G29: ='GT Input'!D4 -> 18 | H29: ='GT Input'!E4 -> 9 | I29: ='GT Input'!F4 -> 18 | J29: 7 | K29: 7 | L29: =IFERROR(K29/J29,"") -> 1 | M29: =IFERROR(K29/F29,"") -> 0.77777778 | N29: =IFERROR(2*L29*M29/(L29+M29),"") -> 0.875 | O29: ='Detailed Results'!I29 -> 6 | P29: ='Detailed Results'!J29 -> 6 | Q29: =IFERROR(P29/O29,"") -> 1 | R29: =IFERROR(P29/G29,"") -> 0.33333333 | S29: =IFERROR(2*Q29*R29/(Q29+R29),"") -> 0.5 | T29: ='Detailed Results'!K29 -> 7 | U29: ='Detailed Results'!L29 -> 5 | V29: =IFERROR(U29/T29,"") -> 0.71428571 | W29: =IFERROR(U29/H29,"") -> 0.55555556 | X29: =IFERROR(2*V29*W29/(V29+W29),"") -> 0.625 | Y29: ='Detailed Results'!M29 -> 6 | Z29: ='Detailed Results'!N29 -> 6 | AA29: =IFERROR(Z29/Y29,"") -> 1 | AB29: =IFERROR(Z29/I29,"") -> 0.33333333 | AC29: =IFERROR(2*AA29*AB29/(AA29+AB29),"") -> 0.5
B30: Llama 3 | C30: T=0.4 | D30: 1 | E30: zero | F30: ='GT Input'!C4 -> 9 | G30: ='GT Input'!D4 -> 18 | H30: ='GT Input'!E4 -> 9 | I30: ='GT Input'!F4 -> 18 | J30: ='Detailed Results'!G30 -> 7 | K30: ='Detailed Results'!H30 -> 7 | L30: =IFERROR(K30/J30,"") -> 1 | M30: =IFERROR(K30/F30,"") -> 0.77777778 | N30: =IFERROR(2*L30*M30/(L30+M30),"") -> 0.875 | O30: ='Detailed Results'!I30 -> 12 | P30: ='Detailed Results'!J30 -> 12 | Q30: =IFERROR(P30/O30,"") -> 1 | R30: =IFERROR(P30/G30,"") -> 0.66666667 | S30: =IFERROR(2*Q30*R30/(Q30+R30),"") -> 0.8 | T30: ='Detailed Results'!K30 -> 7 | U30: ='Detailed Results'!L30 -> 5 | V30: =IFERROR(U30/T30,"") -> 0.71428571 | W30: =IFERROR(U30/H30,"") -> 0.55555556 | X30: =IFERROR(2*V30*W30/(V30+W30),"") -> 0.625 | Y30: ='Detailed Results'!M30 -> 12 | Z30: ='Detailed Results'!N30 -> 12 | AA30: =IFERROR(Z30/Y30,"") -> 1 | AB30: =IFERROR(Z30/I30,"") -> 0.66666667 | AC30: =IFERROR(2*AA30*AB30/(AA30+AB30),"") -> 0.8
B31: Llama 3 | C31: T=0.4 | D31: 1 | E31: one | F31: ='GT Input'!C4 -> 9 | G31: ='GT Input'!D4 -> 18 | H31: ='GT Input'!E4 -> 9 | I31: ='GT Input'!F4 -> 18 | J31: 7 | K31: 7 | L31: =IFERROR(K31/J31,"") -> 1 | M31: =IFERROR(K31/F31,"") -> 0.77777778 | N31: =IFERROR(2*L31*M31/(L31+M31),"") -> 0.875 | O31: ='Detailed Results'!I31 -> 6 | P31: ='Detailed Results'!J31 -> 6 | Q31: =IFERROR(P31/O31,"") -> 1 | R31: =IFERROR(P31/G31,"") -> 0.33333333 | S31: =IFERROR(2*Q31*R31/(Q31+R31),"") -> 0.5 | T31: ='Detailed Results'!K31 -> 7 | U31: ='Detailed Results'!L31 -> 5 | V31: =IFERROR(U31/T31,"") -> 0.71428571 | W31: =IFERROR(U31/H31,"") -> 0.55555556 | X31: =IFERROR(2*V31*W31/(V31+W31),"") -> 0.625 | Y31: ='Detailed Results'!M31 -> 6 | Z31: ='Detailed Results'!N31 -> 6 | AA31: =IFERROR(Z31/Y31,"") -> 1 | AB31: =IFERROR(Z31/I31,"") -> 0.33333333 | AC31: =IFERROR(2*AA31*AB31/(AA31+AB31),"") -> 0.5
B32: Llama 3 | C32: T=0.4 | D32: 2 | E32: zero | F32: ='GT Input'!C4 -> 9 | G32: ='GT Input'!D4 -> 18 | H32: ='GT Input'!E4 -> 9 | I32: ='GT Input'!F4 -> 18 | J32: ='Detailed Results'!G32 -> 7 | K32: ='Detailed Results'!H32 -> 7 | L32: =IFERROR(K32/J32,"") -> 1 | M32: =IFERROR(K32/F32,"") -> 0.77777778 | N32: =IFERROR(2*L32*M32/(L32+M32),"") -> 0.875 | O32: ='Detailed Results'!I32 -> 12 | P32: ='Detailed Results'!J32 -> 12 | Q32: =IFERROR(P32/O32,"") -> 1 | R32: =IFERROR(P32/G32,"") -> 0.66666667 | S32: =IFERROR(2*Q32*R32/(Q32+R32),"") -> 0.8 | T32: ='Detailed Results'!K32 -> 7 | U32: ='Detailed Results'!L32 -> 5 | V32: =IFERROR(U32/T32,"") -> 0.71428571 | W32: =IFERROR(U32/H32,"") -> 0.55555556 | X32: =IFERROR(2*V32*W32/(V32+W32),"") -> 0.625 | Y32: ='Detailed Results'!M32 -> 12 | Z32: ='Detailed Results'!N32 -> 12 | AA32: =IFERROR(Z32/Y32,"") -> 1 | AB32: =IFERROR(Z32/I32,"") -> 0.66666667 | AC32: =IFERROR(2*AA32*AB32/(AA32+AB32),"") -> 0.8
B33: Llama 3 | C33: T=0.4 | D33: 2 | E33: one | F33: ='GT Input'!C4 -> 9 | G33: ='GT Input'!D4 -> 18 | H33: ='GT Input'!E4 -> 9 | I33: ='GT Input'!F4 -> 18 | J33: 7 | K33: 7 | L33: =IFERROR(K33/J33,"") -> 1 | M33: =IFERROR(K33/F33,"") -> 0.77777778 | N33: =IFERROR(2*L33*M33/(L33+M33),"") -> 0.875 | O33: ='Detailed Results'!I33 -> 6 | P33: ='Detailed Results'!J33 -> 6 | Q33: =IFERROR(P33/O33,"") -> 1 | R33: =IFERROR(P33/G33,"") -> 0.33333333 | S33: =IFERROR(2*Q33*R33/(Q33+R33),"") -> 0.5 | T33: ='Detailed Results'!K33 -> 7 | U33: ='Detailed Results'!L33 -> 5 | V33: =IFERROR(U33/T33,"") -> 0.71428571 | W33: =IFERROR(U33/H33,"") -> 0.55555556 | X33: =IFERROR(2*V33*W33/(V33+W33),"") -> 0.625 | Y33: ='Detailed Results'!M33 -> 6 | Z33: ='Detailed Results'!N33 -> 6 | AA33: =IFERROR(Z33/Y33,"") -> 1 | AB33: =IFERROR(Z33/I33,"") -> 0.33333333 | AC33: =IFERROR(2*AA33*AB33/(AA33+AB33),"") -> 0.5
B34: Llama 3 | C34: T=0.4 | D34: 3 | E34: zero | F34: ='GT Input'!C4 -> 9 | G34: ='GT Input'!D4 -> 18 | H34: ='GT Input'!E4 -> 9 | I34: ='GT Input'!F4 -> 18 | J34: ='Detailed Results'!G34 -> 7 | K34: ='Detailed Results'!H34 -> 7 | L34: =IFERROR(K34/J34,"") -> 1 | M34: =IFERROR(K34/F34,"") -> 0.77777778 | N34: =IFERROR(2*L34*M34/(L34+M34),"") -> 0.875 | O34: ='Detailed Results'!I34 -> 12 | P34: ='Detailed Results'!J34 -> 12 | Q34: =IFERROR(P34/O34,"") -> 1 | R34: =IFERROR(P34/G34,"") -> 0.66666667 | S34: =IFERROR(2*Q34*R34/(Q34+R34),"") -> 0.8 | T34: ='Detailed Results'!K34 -> 7 | U34: ='Detailed Results'!L34 -> 5 | V34: =IFERROR(U34/T34,"") -> 0.71428571 | W34: =IFERROR(U34/H34,"") -> 0.55555556 | X34: =IFERROR(2*V34*W34/(V34+W34),"") -> 0.625 | Y34: ='Detailed Results'!M34 -> 12 | Z34: ='Detailed Results'!N34 -> 12 | AA34: =IFERROR(Z34/Y34,"") -> 1 | AB34: =IFERROR(Z34/I34,"") -> 0.66666667 | AC34: =IFERROR(2*AA34*AB34/(AA34+AB34),"") -> 0.8
B35: Llama 3 | C35: T=0.4 | D35: 3 | E35: one | F35: ='GT Input'!C4 -> 9 | G35: ='GT Input'!D4 -> 18 | H35: ='GT Input'!E4 -> 9 | I35: ='GT Input'!F4 -> 18 | J35: 7 | K35: 7 | L35: =IFERROR(K35/J35,"") -> 1 | M35: =IFERROR(K35/F35,"") -> 0.77777778 | N35: =IFERROR(2*L35*M35/(L35+M35),"") -> 0.875 | O35: ='Detailed Results'!I35 -> 6 | P35: ='Detailed Results'!J35 -> 6 | Q35: =IFERROR(P35/O35,"") -> 1 | R35: =IFERROR(P35/G35,"") -> 0.33333333 | S35: =IFERROR(2*Q35*R35/(Q35+R35),"") -> 0.5 | T35: ='Detailed Results'!K35 -> 7 | U35: ='Detailed Results'!L35 -> 5 | V35: =IFERROR(U35/T35,"") -> 0.71428571 | W35: =IFERROR(U35/H35,"") -> 0.55555556 | X35: =IFERROR(2*V35*W35/(V35+W35),"") -> 0.625 | Y35: ='Detailed Results'!M35 -> 6 | Z35: ='Detailed Results'!N35 -> 6 | AA35: =IFERROR(Z35/Y35,"") -> 1 | AB35: =IFERROR(Z35/I35,"") -> 0.33333333 | AC35: =IFERROR(2*AA35*AB35/(AA35+AB35),"") -> 0.5
B36: Llama 3 | C36: T=0.6 | D36: 1 | E36: zero | F36: ='GT Input'!C4 -> 9 | G36: ='GT Input'!D4 -> 18 | H36: ='GT Input'!E4 -> 9 | I36: ='GT Input'!F4 -> 18 | J36: 7 | K36: 4 | L36: =IFERROR(K36/J36,"") -> 0.57142857 | M36: =IFERROR(K36/F36,"") -> 0.44444444 | N36: =IFERROR(2*L36*M36/(L36+M36),"") -> 0.5 | O36: ='Detailed Results'!I36 -> 5 | P36: ='Detailed Results'!J36 -> 5 | Q36: =IFERROR(P36/O36,"") -> 1 | R36: =IFERROR(P36/G36,"") -> 0.27777778 | S36: =IFERROR(2*Q36*R36/(Q36+R36),"") -> 0.43478261 | T36: ='Detailed Results'!K36 -> 7 | U36: ='Detailed Results'!L36 -> 5 | V36: =IFERROR(U36/T36,"") -> 0.71428571 | W36: =IFERROR(U36/H36,"") -> 0.55555556 | X36: =IFERROR(2*V36*W36/(V36+W36),"") -> 0.625 | Y36: ='Detailed Results'!M36 -> 5 | Z36: ='Detailed Results'!N36 -> 5 | AA36: =IFERROR(Z36/Y36,"") -> 1 | AB36: =IFERROR(Z36/I36,"") -> 0.27777778 | AC36: =IFERROR(2*AA36*AB36/(AA36+AB36),"") -> 0.43478261
B37: Llama 3 | C37: T=0.6 | D37: 1 | E37: one | F37: ='GT Input'!C4 -> 9 | G37: ='GT Input'!D4 -> 18 | H37: ='GT Input'!E4 -> 9 | I37: ='GT Input'!F4 -> 18 | J37: 7 | K37: 3 | L37: =IFERROR(K37/J37,"") -> 0.42857143 | M37: =IFERROR(K37/F37,"") -> 0.33333333 | N37: =IFERROR(2*L37*M37/(L37+M37),"") -> 0.375 | O37: ='Detailed Results'!I37 -> 5 | P37: ='Detailed Results'!J37 -> 5 | Q37: =IFERROR(P37/O37,"") -> 1 | R37: =IFERROR(P37/G37,"") -> 0.27777778 | S37: =IFERROR(2*Q37*R37/(Q37+R37),"") -> 0.43478261 | T37: ='Detailed Results'!K37 -> 7 | U37: ='Detailed Results'!L37 -> 5 | V37: =IFERROR(U37/T37,"") -> 0.71428571 | W37: =IFERROR(U37/H37,"") -> 0.55555556 | X37: =IFERROR(2*V37*W37/(V37+W37),"") -> 0.625 | Y37: ='Detailed Results'!M37 -> 5 | Z37: ='Detailed Results'!N37 -> 5 | AA37: =IFERROR(Z37/Y37,"") -> 1 | AB37: =IFERROR(Z37/I37,"") -> 0.27777778 | AC37: =IFERROR(2*AA37*AB37/(AA37+AB37),"") -> 0.43478261
B38: Llama 3 | C38: T=0.6 | D38: 2 | E38: zero | F38: ='GT Input'!C4 -> 9 | G38: ='GT Input'!D4 -> 18 | H38: ='GT Input'!E4 -> 9 | I38: ='GT Input'!F4 -> 18 | J38: 7 | K38: 4 | L38: =IFERROR(K38/J38,"") -> 0.57142857 | M38: =IFERROR(K38/F38,"") -> 0.44444444 | N38: =IFERROR(2*L38*M38/(L38+M38),"") -> 0.5 | O38: ='Detailed Results'!I38 -> 5 | P38: ='Detailed Results'!J38 -> 5 | Q38: =IFERROR(P38/O38,"") -> 1 | R38: =IFERROR(P38/G38,"") -> 0.27777778 | S38: =IFERROR(2*Q38*R38/(Q38+R38),"") -> 0.43478261 | T38: ='Detailed Results'!K38 -> 7 | U38: ='Detailed Results'!L38 -> 5 | V38: =IFERROR(U38/T38,"") -> 0.71428571 | W38: =IFERROR(U38/H38,"") -> 0.55555556 | X38: =IFERROR(2*V38*W38/(V38+W38),"") -> 0.625 | Y38: ='Detailed Results'!M38 -> 5 | Z38: ='Detailed Results'!N38 -> 5 | AA38: =IFERROR(Z38/Y38,"") -> 1 | AB38: =IFERROR(Z38/I38,"") -> 0.27777778 | AC38: =IFERROR(2*AA38*AB38/(AA38+AB38),"") -> 0.43478261
B39: Llama 3 | C39: T=0.6 | D39: 2 | E39: one | F39: ='GT Input'!C4 -> 9 | G39: ='GT Input'!D4 -> 18 | H39: ='GT Input'!E4 -> 9 | I39: ='GT Input'!F4 -> 18 | J39: 7 | K39: 7 | L39: =IFERROR(K39/J39,"") -> 1 | M39: =IFERROR(K39/F39,"") -> 0.77777778 | N39: =IFERROR(2*L39*M39/(L39+M39),"") -> 0.875 | O39: ='Detailed Results'!I39 -> 13 | P39: ='Detailed Results'!J39 -> 13 | Q39: =IFERROR(P39/O39,"") -> 1 | R39: =IFERROR(P39/G39,"") -> 0.72222222 | S39: =IFERROR(2*Q39*R39/(Q39+R39),"") -> 0.83870968 | T39: ='Detailed Results'!K39 -> 7 | U39: ='Detailed Results'!L39 -> 5 | V39: =IFERROR(U39/T39,"") -> 0.71428571 | W39: =IFERROR(U39/H39,"") -> 0.55555556 | X39: =IFERROR(2*V39*W39/(V39+W39),"") -> 0.625 | Y39: ='Detailed Results'!M39 -> 13 | Z39: ='Detailed Results'!N39 -> 13 | AA39: =IFERROR(Z39/Y39,"") -> 1 | AB39: =IFERROR(Z39/I39,"") -> 0.72222222 | AC39: =IFERROR(2*AA39*AB39/(AA39+AB39),"") -> 0.83870968
B40: Llama 3 | C40: T=0.6 | D40: 3 | E40: zero | F40: ='GT Input'!C4 -> 9 | G40: ='GT Input'!D4 -> 18 | H40: ='GT Input'!E4 -> 9 | I40: ='GT Input'!F4 -> 18 | J40: 9 | K40: 9 | L40: =IFERROR(K40/J40,"") -> 1 | M40: =IFERROR(K40/F40,"") -> 1 | N40: =IFERROR(2*L40*M40/(L40+M40),"") -> 1 | O40: ='Detailed Results'!I40 -> 18 | P40: ='Detailed Results'!J40 -> 18 | Q40: =IFERROR(P40/O40,"") -> 1 | R40: =IFERROR(P40/G40,"") -> 1 | S40: =IFERROR(2*Q40*R40/(Q40+R40),"") -> 1 | T40: ='Detailed Results'!K40 -> 9 | U40: ='Detailed Results'!L40 -> 9 | V40: =IFERROR(U40/T40,"") -> 1 | W40: =IFERROR(U40/H40,"") -> 1 | X40: =IFERROR(2*V40*W40/(V40+W40),"") -> 1 | Y40: ='Detailed Results'!M40 -> 18 | Z40: ='Detailed Results'!N40 -> 18 | AA40: =IFERROR(Z40/Y40,"") -> 1 | AB40: =IFERROR(Z40/I40,"") -> 1 | AC40: =IFERROR(2*AA40*AB40/(AA40+AB40),"") -> 1
B41: Llama 3 | C41: T=0.6 | D41: 3 | E41: one | F41: ='GT Input'!C4 -> 9 | G41: ='GT Input'!D4 -> 18 | H41: ='GT Input'!E4 -> 9 | I41: ='GT Input'!F4 -> 18 | J41: 7 | K41: 4 | L41: =IFERROR(K41/J41,"") -> 0.57142857 | M41: =IFERROR(K41/F41,"") -> 0.44444444 | N41: =IFERROR(2*L41*M41/(L41+M41),"") -> 0.5 | O41: ='Detailed Results'!I41 -> 6 | P41: ='Detailed Results'!J41 -> 6 | Q41: =IFERROR(P41/O41,"") -> 1 | R41: =IFERROR(P41/G41,"") -> 0.33333333 | S41: =IFERROR(2*Q41*R41/(Q41+R41),"") -> 0.5 | T41: ='Detailed Results'!K41 -> 7 | U41: ='Detailed Results'!L41 -> 5 | V41: =IFERROR(U41/T41,"") -> 0.71428571 | W41: =IFERROR(U41/H41,"") -> 0.55555556 | X41: =IFERROR(2*V41*W41/(V41+W41),"") -> 0.625 | Y41: ='Detailed Results'!M41 -> 6 | Z41: ='Detailed Results'!N41 -> 6 | AA41: =IFERROR(Z41/Y41,"") -> 1 | AB41: =IFERROR(Z41/I41,"") -> 0.33333333 | AC41: =IFERROR(2*AA41*AB41/(AA41+AB41),"") -> 0.5
B42: Mistral | C42: T=0.2 | D42: 1 | E42: zero | F42: ='GT Input'!C4 -> 9 | G42: ='GT Input'!D4 -> 18 | H42: ='GT Input'!E4 -> 9 | I42: ='GT Input'!F4 -> 18 | J42: ='Detailed Results'!G42 -> 9 | K42: ='Detailed Results'!H42 -> 9 | L42: =IFERROR(K42/J42,"") -> 1 | M42: =IFERROR(K42/F42,"") -> 1 | N42: =IFERROR(2*L42*M42/(L42+M42),"") -> 1 | O42: ='Detailed Results'!I42 -> 12 | P42: ='Detailed Results'!J42 -> 12 | Q42: =IFERROR(P42/O42,"") -> 1 | R42: =IFERROR(P42/G42,"") -> 0.66666667 | S42: =IFERROR(2*Q42*R42/(Q42+R42),"") -> 0.8 | T42: ='Detailed Results'!K42 -> 9 | U42: ='Detailed Results'!L42 -> 9 | V42: =IFERROR(U42/T42,"") -> 1 | W42: =IFERROR(U42/H42,"") -> 1 | X42: =IFERROR(2*V42*W42/(V42+W42),"") -> 1 | Y42: ='Detailed Results'!M42 -> 12 | Z42: ='Detailed Results'!N42 -> 12 | AA42: =IFERROR(Z42/Y42,"") -> 1 | AB42: =IFERROR(Z42/I42,"") -> 0.66666667 | AC42: =IFERROR(2*AA42*AB42/(AA42+AB42),"") -> 0.8
B43: Mistral | C43: T=0.2 | D43: 1 | E43: one | F43: ='GT Input'!C4 -> 9 | G43: ='GT Input'!D4 -> 18 | H43: ='GT Input'!E4 -> 9 | I43: ='GT Input'!F4 -> 18 | J43: ='Detailed Results'!G43 -> 7 | K43: ='Detailed Results'!H43 -> 7 | L43: =IFERROR(K43/J43,"") -> 1 | M43: =IFERROR(K43/F43,"") -> 0.77777778 | N43: =IFERROR(2*L43*M43/(L43+M43),"") -> 0.875 | O43: ='Detailed Results'!I43 -> 12 | P43: ='Detailed Results'!J43 -> 12 | Q43: =IFERROR(P43/O43,"") -> 1 | R43: =IFERROR(P43/G43,"") -> 0.66666667 | S43: =IFERROR(2*Q43*R43/(Q43+R43),"") -> 0.8 | T43: ='Detailed Results'!K43 -> 7 | U43: ='Detailed Results'!L43 -> 5 | V43: =IFERROR(U43/T43,"") -> 0.71428571 | W43: =IFERROR(U43/H43,"") -> 0.55555556 | X43: =IFERROR(2*V43*W43/(V43+W43),"") -> 0.625 | Y43: ='Detailed Results'!M43 -> 12 | Z43: ='Detailed Results'!N43 -> 12 | AA43: =IFERROR(Z43/Y43,"") -> 1 | AB43: =IFERROR(Z43/I43,"") -> 0.66666667 | AC43: =IFERROR(2*AA43*AB43/(AA43+AB43),"") -> 0.8
B44: Mistral | C44: T=0.2 | D44: 2 | E44: zero | F44: ='GT Input'!C4 -> 9 | G44: ='GT Input'!D4 -> 18 | H44: ='GT Input'!E4 -> 9 | I44: ='GT Input'!F4 -> 18 | J44: ='Detailed Results'!G44 -> 9 | K44: ='Detailed Results'!H44 -> 8 | L44: =IFERROR(K44/J44,"") -> 0.88888889 | M44: =IFERROR(K44/F44,"") -> 0.88888889 | N44: =IFERROR(2*L44*M44/(L44+M44),"") -> 0.88888889 | O44: ='Detailed Results'!I44 -> 12 | P44: ='Detailed Results'!J44 -> 12 | Q44: =IFERROR(P44/O44,"") -> 1 | R44: =IFERROR(P44/G44,"") -> 0.66666667 | S44: =IFERROR(2*Q44*R44/(Q44+R44),"") -> 0.8 | T44: ='Detailed Results'!K44 -> 9 | U44: ='Detailed Results'!L44 -> 9 | V44: =IFERROR(U44/T44,"") -> 1 | W44: =IFERROR(U44/H44,"") -> 1 | X44: =IFERROR(2*V44*W44/(V44+W44),"") -> 1 | Y44: ='Detailed Results'!M44 -> 12 | Z44: ='Detailed Results'!N44 -> 12 | AA44: =IFERROR(Z44/Y44,"") -> 1 | AB44: =IFERROR(Z44/I44,"") -> 0.66666667 | AC44: =IFERROR(2*AA44*AB44/(AA44+AB44),"") -> 0.8
B45: Mistral | C45: T=0.2 | D45: 2 | E45: one | F45: ='GT Input'!C4 -> 9 | G45: ='GT Input'!D4 -> 18 | H45: ='GT Input'!E4 -> 9 | I45: ='GT Input'!F4 -> 18 | J45: ='Detailed Results'!G45 -> 7 | K45: ='Detailed Results'!H45 -> 7 | L45: =IFERROR(K45/J45,"") -> 1 | M45: =IFERROR(K45/F45,"") -> 0.77777778 | N45: =IFERROR(2*L45*M45/(L45+M45),"") -> 0.875 | O45: ='Detailed Results'!I45 -> 12 | P45: ='Detailed Results'!J45 -> 12 | Q45: =IFERROR(P45/O45,"") -> 1 | R45: =IFERROR(P45/G45,"") -> 0.66666667 | S45: =IFERROR(2*Q45*R45/(Q45+R45),"") -> 0.8 | T45: ='Detailed Results'!K45 -> 7 | U45: ='Detailed Results'!L45 -> 5 | V45: =IFERROR(U45/T45,"") -> 0.71428571 | W45: =IFERROR(U45/H45,"") -> 0.55555556 | X45: =IFERROR(2*V45*W45/(V45+W45),"") -> 0.625 | Y45: ='Detailed Results'!M45 -> 12 | Z45: ='Detailed Results'!N45 -> 12 | AA45: =IFERROR(Z45/Y45,"") -> 1 | AB45: =IFERROR(Z45/I45,"") -> 0.66666667 | AC45: =IFERROR(2*AA45*AB45/(AA45+AB45),"") -> 0.8
B46: Mistral | C46: T=0.2 | D46: 3 | E46: zero | F46: ='GT Input'!C4 -> 9 | G46: ='GT Input'!D4 -> 18 | H46: ='GT Input'!E4 -> 9 | I46: ='GT Input'!F4 -> 18 | J46: ='Detailed Results'!G46 -> 9 | K46: ='Detailed Results'!H46 -> 8 | L46: =IFERROR(K46/J46,"") -> 0.88888889 | M46: =IFERROR(K46/F46,"") -> 0.88888889 | N46: =IFERROR(2*L46*M46/(L46+M46),"") -> 0.88888889 | O46: ='Detailed Results'!I46 -> 12 | P46: ='Detailed Results'!J46 -> 12 | Q46: =IFERROR(P46/O46,"") -> 1 | R46: =IFERROR(P46/G46,"") -> 0.66666667 | S46: =IFERROR(2*Q46*R46/(Q46+R46),"") -> 0.8 | T46: ='Detailed Results'!K46 -> 9 | U46: ='Detailed Results'!L46 -> 8 | V46: =IFERROR(U46/T46,"") -> 0.88888889 | W46: =IFERROR(U46/H46,"") -> 0.88888889 | X46: =IFERROR(2*V46*W46/(V46+W46),"") -> 0.88888889 | Y46: ='Detailed Results'!M46 -> 12 | Z46: ='Detailed Results'!N46 -> 12 | AA46: =IFERROR(Z46/Y46,"") -> 1 | AB46: =IFERROR(Z46/I46,"") -> 0.66666667 | AC46: =IFERROR(2*AA46*AB46/(AA46+AB46),"") -> 0.8
B47: Mistral | C47: T=0.2 | D47: 3 | E47: one | F47: ='GT Input'!C4 -> 9 | G47: ='GT Input'!D4 -> 18 | H47: ='GT Input'!E4 -> 9 | I47: ='GT Input'!F4 -> 18 | J47: ='Detailed Results'!G47 -> 7 | K47: ='Detailed Results'!H47 -> 7 | L47: =IFERROR(K47/J47,"") -> 1 | M47: =IFERROR(K47/F47,"") -> 0.77777778 | N47: =IFERROR(2*L47*M47/(L47+M47),"") -> 0.875 | O47: ='Detailed Results'!I47 -> 11 | P47: ='Detailed Results'!J47 -> 11 | Q47: =IFERROR(P47/O47,"") -> 1 | R47: =IFERROR(P47/G47,"") -> 0.61111111 | S47: =IFERROR(2*Q47*R47/(Q47+R47),"") -> 0.75862069 | T47: ='Detailed Results'!K47 -> 7 | U47: ='Detailed Results'!L47 -> 5 | V47: =IFERROR(U47/T47,"") -> 0.71428571 | W47: =IFERROR(U47/H47,"") -> 0.55555556 | X47: =IFERROR(2*V47*W47/(V47+W47),"") -> 0.625 | Y47: ='Detailed Results'!M47 -> 11 | Z47: ='Detailed Results'!N47 -> 11 | AA47: =IFERROR(Z47/Y47,"") -> 1 | AB47: =IFERROR(Z47/I47,"") -> 0.61111111 | AC47: =IFERROR(2*AA47*AB47/(AA47+AB47),"") -> 0.75862069
B48: Mistral | C48: T=0.4 | D48: 1 | E48: zero | F48: ='GT Input'!C4 -> 9 | G48: ='GT Input'!D4 -> 18 | H48: ='GT Input'!E4 -> 9 | I48: ='GT Input'!F4 -> 18 | J48: ='Detailed Results'!G48 -> 8 | K48: ='Detailed Results'!H48 -> 6 | L48: =IFERROR(K48/J48,"") -> 0.75 | M48: =IFERROR(K48/F48,"") -> 0.66666667 | N48: =IFERROR(2*L48*M48/(L48+M48),"") -> 0.70588235 | O48: ='Detailed Results'!I48 -> 12 | P48: ='Detailed Results'!J48 -> 12 | Q48: =IFERROR(P48/O48,"") -> 1 | R48: =IFERROR(P48/G48,"") -> 0.66666667 | S48: =IFERROR(2*Q48*R48/(Q48+R48),"") -> 0.8 | T48: ='Detailed Results'!K48 -> 8 | U48: ='Detailed Results'!L48 -> 5 | V48: =IFERROR(U48/T48,"") -> 0.625 | W48: =IFERROR(U48/H48,"") -> 0.55555556 | X48: =IFERROR(2*V48*W48/(V48+W48),"") -> 0.58823529 | Y48: ='Detailed Results'!M48 -> 12 | Z48: ='Detailed Results'!N48 -> 12 | AA48: =IFERROR(Z48/Y48,"") -> 1 | AB48: =IFERROR(Z48/I48,"") -> 0.66666667 | AC48: =IFERROR(2*AA48*AB48/(AA48+AB48),"") -> 0.8
B49: Mistral | C49: T=0.4 | D49: 1 | E49: one | F49: ='GT Input'!C4 -> 9 | G49: ='GT Input'!D4 -> 18 | H49: ='GT Input'!E4 -> 9 | I49: ='GT Input'!F4 -> 18 | J49: ='Detailed Results'!G49 -> 8 | K49: ='Detailed Results'!H49 -> 6 | L49: =IFERROR(K49/J49,"") -> 0.75 | M49: =IFERROR(K49/F49,"") -> 0.66666667 | N49: =IFERROR(2*L49*M49/(L49+M49),"") -> 0.70588235 | O49: ='Detailed Results'!I49 -> 12 | P49: ='Detailed Results'!J49 -> 12 | Q49: =IFERROR(P49/O49,"") -> 1 | R49: =IFERROR(P49/G49,"") -> 0.66666667 | S49: =IFERROR(2*Q49*R49/(Q49+R49),"") -> 0.8 | T49: ='Detailed Results'!K49 -> 8 | U49: ='Detailed Results'!L49 -> 5 | V49: =IFERROR(U49/T49,"") -> 0.625 | W49: =IFERROR(U49/H49,"") -> 0.55555556 | X49: =IFERROR(2*V49*W49/(V49+W49),"") -> 0.58823529 | Y49: ='Detailed Results'!M49 -> 12 | Z49: ='Detailed Results'!N49 -> 12 | AA49: =IFERROR(Z49/Y49,"") -> 1 | AB49: =IFERROR(Z49/I49,"") -> 0.66666667 | AC49: =IFERROR(2*AA49*AB49/(AA49+AB49),"") -> 0.8
B50: Mistral | C50: T=0.4 | D50: 2 | E50: zero | F50: ='GT Input'!C4 -> 9 | G50: ='GT Input'!D4 -> 18 | H50: ='GT Input'!E4 -> 9 | I50: ='GT Input'!F4 -> 18 | J50: ='Detailed Results'!G50 -> 7 | K50: ='Detailed Results'!H50 -> 7 | L50: =IFERROR(K50/J50,"") -> 1 | M50: =IFERROR(K50/F50,"") -> 0.77777778 | N50: =IFERROR(2*L50*M50/(L50+M50),"") -> 0.875 | O50: ='Detailed Results'!I50 -> 12 | P50: ='Detailed Results'!J50 -> 12 | Q50: =IFERROR(P50/O50,"") -> 1 | R50: =IFERROR(P50/G50,"") -> 0.66666667 | S50: =IFERROR(2*Q50*R50/(Q50+R50),"") -> 0.8 | T50: ='Detailed Results'!K50 -> 7 | U50: ='Detailed Results'!L50 -> 5 | V50: =IFERROR(U50/T50,"") -> 0.71428571 | W50: =IFERROR(U50/H50,"") -> 0.55555556 | X50: =IFERROR(2*V50*W50/(V50+W50),"") -> 0.625 | Y50: ='Detailed Results'!M50 -> 12 | Z50: ='Detailed Results'!N50 -> 12 | AA50: =IFERROR(Z50/Y50,"") -> 1 | AB50: =IFERROR(Z50/I50,"") -> 0.66666667 | AC50: =IFERROR(2*AA50*AB50/(AA50+AB50),"") -> 0.8
B51: Mistral | C51: T=0.4 | D51: 2 | E51: one | F51: ='GT Input'!C4 -> 9 | G51: ='GT Input'!D4 -> 18 | H51: ='GT Input'!E4 -> 9 | I51: ='GT Input'!F4 -> 18 | J51: ='Detailed Results'!G51 -> 7 | K51: ='Detailed Results'!H51 -> 7 | L51: =IFERROR(K51/J51,"") -> 1 | M51: =IFERROR(K51/F51,"") -> 0.77777778 | N51: =IFERROR(2*L51*M51/(L51+M51),"") -> 0.875 | O51: ='Detailed Results'!I51 -> 12 | P51: ='Detailed Results'!J51 -> 12 | Q51: =IFERROR(P51/O51,"") -> 1 | R51: =IFERROR(P51/G51,"") -> 0.66666667 | S51: =IFERROR(2*Q51*R51/(Q51+R51),"") -> 0.8 | T51: ='Detailed Results'!K51 -> 7 | U51: ='Detailed Results'!L51 -> 5 | V51: =IFERROR(U51/T51,"") -> 0.71428571 | W51: =IFERROR(U51/H51,"") -> 0.55555556 | X51: =IFERROR(2*V51*W51/(V51+W51),"") -> 0.625 | Y51: ='Detailed Results'!M51 -> 12 | Z51: ='Detailed Results'!N51 -> 12 | AA51: =IFERROR(Z51/Y51,"") -> 1 | AB51: =IFERROR(Z51/I51,"") -> 0.66666667 | AC51: =IFERROR(2*AA51*AB51/(AA51+AB51),"") -> 0.8
B52: Mistral | C52: T=0.4 | D52: 3 | E52: zero | F52: ='GT Input'!C4 -> 9 | G52: ='GT Input'!D4 -> 18 | H52: ='GT Input'!E4 -> 9 | I52: ='GT Input'!F4 -> 18 | J52: ='Detailed Results'!G52 -> 11 | K52: ='Detailed Results'!H52 -> 10 | L52: =IFERROR(K52/J52,"") -> 0.90909091 | M52: =IFERROR(K52/F52,"") -> 1.1111111 | N52: =IFERROR(2*L52*M52/(L52+M52),"") -> 1 | O52: ='Detailed Results'!I52 -> 18 | P52: ='Detailed Results'!J52 -> 18 | Q52: =IFERROR(P52/O52,"") -> 1 | R52: =IFERROR(P52/G52,"") -> 1 | S52: =IFERROR(2*Q52*R52/(Q52+R52),"") -> 1 | T52: ='Detailed Results'!K52 -> 11 | U52: ='Detailed Results'!L52 -> 8 | V52: =IFERROR(U52/T52,"") -> 0.72727273 | W52: =IFERROR(U52/H52,"") -> 0.88888889 | X52: =IFERROR(2*V52*W52/(V52+W52),"") -> 0.8 | Y52: ='Detailed Results'!M52 -> 18 | Z52: ='Detailed Results'!N52 -> 18 | AA52: =IFERROR(Z52/Y52,"") -> 1 | AB52: =IFERROR(Z52/I52,"") -> 1 | AC52: =IFERROR(2*AA52*AB52/(AA52+AB52),"") -> 1
B53: Mistral | C53: T=0.4 | D53: 3 | E53: one | F53: ='GT Input'!C4 -> 9 | G53: ='GT Input'!D4 -> 18 | H53: ='GT Input'!E4 -> 9 | I53: ='GT Input'!F4 -> 18 | J53: ='Detailed Results'!G53 -> 11 | K53: ='Detailed Results'!H53 -> 10 | L53: =IFERROR(K53/J53,"") -> 0.90909091 | M53: =IFERROR(K53/F53,"") -> 1.1111111 | N53: =IFERROR(2*L53*M53/(L53+M53),"") -> 1 | O53: ='Detailed Results'!I53 -> 18 | P53: ='Detailed Results'!J53 -> 18 | Q53: =IFERROR(P53/O53,"") -> 1 | R53: =IFERROR(P53/G53,"") -> 1 | S53: =IFERROR(2*Q53*R53/(Q53+R53),"") -> 1 | T53: ='Detailed Results'!K53 -> 11 | U53: ='Detailed Results'!L53 -> 8 | V53: =IFERROR(U53/T53,"") -> 0.72727273 | W53: =IFERROR(U53/H53,"") -> 0.88888889 | X53: =IFERROR(2*V53*W53/(V53+W53),"") -> 0.8 | Y53: ='Detailed Results'!M53 -> 18 | Z53: ='Detailed Results'!N53 -> 18 | AA53: =IFERROR(Z53/Y53,"") -> 1 | AB53: =IFERROR(Z53/I53,"") -> 1 | AC53: =IFERROR(2*AA53*AB53/(AA53+AB53),"") -> 1
B54: Mistral | C54: T=0.6 | D54: 1 | E54: zero | F54: ='GT Input'!C4 -> 9 | G54: ='GT Input'!D4 -> 18 | H54: ='GT Input'!E4 -> 9 | I54: ='GT Input'!F4 -> 18 | J54: ='Detailed Results'!G54 -> 9 | K54: ='Detailed Results'!H54 -> 8 | L54: =IFERROR(K54/J54,"") -> 0.88888889 | M54: =IFERROR(K54/F54,"") -> 0.88888889 | N54: =IFERROR(2*L54*M54/(L54+M54),"") -> 0.88888889 | O54: ='Detailed Results'!I54 -> 18 | P54: ='Detailed Results'!J54 -> 18 | Q54: =IFERROR(P54/O54,"") -> 1 | R54: =IFERROR(P54/G54,"") -> 1 | S54: =IFERROR(2*Q54*R54/(Q54+R54),"") -> 1 | T54: ='Detailed Results'!K54 -> 9 | U54: ='Detailed Results'!L54 -> 8 | V54: =IFERROR(U54/T54,"") -> 0.88888889 | W54: =IFERROR(U54/H54,"") -> 0.88888889 | X54: =IFERROR(2*V54*W54/(V54+W54),"") -> 0.88888889 | Y54: ='Detailed Results'!M54 -> 18 | Z54: ='Detailed Results'!N54 -> 9 | AA54: =IFERROR(Z54/Y54,"") -> 0.5 | AB54: =IFERROR(Z54/I54,"") -> 0.5 | AC54: =IFERROR(2*AA54*AB54/(AA54+AB54),"") -> 0.5
B55: Mistral | C55: T=0.6 | D55: 1 | E55: one | F55: ='GT Input'!C4 -> 9 | G55: ='GT Input'!D4 -> 18 | H55: ='GT Input'!E4 -> 9 | I55: ='GT Input'!F4 -> 18 | J55: ='Detailed Results'!G55 -> 5 | K55: ='Detailed Results'!H55 -> 5 | L55: =IFERROR(K55/J55,"") -> 1 | M55: =IFERROR(K55/F55,"") -> 0.55555556 | N55: =IFERROR(2*L55*M55/(L55+M55),"") -> 0.71428571 | O55: ='Detailed Results'!I55 -> 12 | P55: ='Detailed Results'!J55 -> 12 | Q55: =IFERROR(P55/O55,"") -> 1 | R55: =IFERROR(P55/G55,"") -> 0.66666667 | S55: =IFERROR(2*Q55*R55/(Q55+R55),"") -> 0.8 | T55: ='Detailed Results'!K55 -> 5 | U55: ='Detailed Results'!L55 -> 3 | V55: =IFERROR(U55/T55,"") -> 0.6 | W55: =IFERROR(U55/H55,"") -> 0.33333333 | X55: =IFERROR(2*V55*W55/(V55+W55),"") -> 0.42857143 | Y55: ='Detailed Results'!M55 -> 12 | Z55: ='Detailed Results'!N55 -> 12 | AA55: =IFERROR(Z55/Y55,"") -> 1 | AB55: =IFERROR(Z55/I55,"") -> 0.66666667 | AC55: =IFERROR(2*AA55*AB55/(AA55+AB55),"") -> 0.8
B56: Mistral | C56: T=0.6 | D56: 2 | E56: zero | F56: ='GT Input'!C4 -> 9 | G56: ='GT Input'!D4 -> 18 | H56: ='GT Input'!E4 -> 9 | I56: ='GT Input'!F4 -> 18 | J56: ='Detailed Results'!G56 -> 9 | K56: ='Detailed Results'!H56 -> 8 | L56: =IFERROR(K56/J56,"") -> 0.88888889 | M56: =IFERROR(K56/F56,"") -> 0.88888889 | N56: =IFERROR(2*L56*M56/(L56+M56),"") -> 0.88888889 | O56: ='Detailed Results'!I56 -> 18 | P56: ='Detailed Results'!J56 -> 18 | Q56: =IFERROR(P56/O56,"") -> 1 | R56: =IFERROR(P56/G56,"") -> 1 | S56: =IFERROR(2*Q56*R56/(Q56+R56),"") -> 1 | T56: ='Detailed Results'!K56 -> 9 | U56: ='Detailed Results'!L56 -> 8 | V56: =IFERROR(U56/T56,"") -> 0.88888889 | W56: =IFERROR(U56/H56,"") -> 0.88888889 | X56: =IFERROR(2*V56*W56/(V56+W56),"") -> 0.88888889 | Y56: ='Detailed Results'!M56 -> 18 | Z56: ='Detailed Results'!N56 -> 18 | AA56: =IFERROR(Z56/Y56,"") -> 1 | AB56: =IFERROR(Z56/I56,"") -> 1 | AC56: =IFERROR(2*AA56*AB56/(AA56+AB56),"") -> 1
B57: Mistral | C57: T=0.6 | D57: 2 | E57: one | F57: ='GT Input'!C4 -> 9 | G57: ='GT Input'!D4 -> 18 | H57: ='GT Input'!E4 -> 9 | I57: ='GT Input'!F4 -> 18 | J57: ='Detailed Results'!G57 -> 5 | K57: ='Detailed Results'!H57 -> 5 | L57: =IFERROR(K57/J57,"") -> 1 | M57: =IFERROR(K57/F57,"") -> 0.55555556 | N57: =IFERROR(2*L57*M57/(L57+M57),"") -> 0.71428571 | O57: ='Detailed Results'!I57 -> 11 | P57: ='Detailed Results'!J57 -> 11 | Q57: =IFERROR(P57/O57,"") -> 1 | R57: =IFERROR(P57/G57,"") -> 0.61111111 | S57: =IFERROR(2*Q57*R57/(Q57+R57),"") -> 0.75862069 | T57: ='Detailed Results'!K57 -> 5 | U57: ='Detailed Results'!L57 -> 3 | V57: =IFERROR(U57/T57,"") -> 0.6 | W57: =IFERROR(U57/H57,"") -> 0.33333333 | X57: =IFERROR(2*V57*W57/(V57+W57),"") -> 0.42857143 | Y57: ='Detailed Results'!M57 -> 11 | Z57: ='Detailed Results'!N57 -> 11 | AA57: =IFERROR(Z57/Y57,"") -> 1 | AB57: =IFERROR(Z57/I57,"") -> 0.61111111 | AC57: =IFERROR(2*AA57*AB57/(AA57+AB57),"") -> 0.75862069
B58: Mistral | C58: T=0.6 | D58: 3 | E58: zero | F58: ='GT Input'!C4 -> 9 | G58: ='GT Input'!D4 -> 18 | H58: ='GT Input'!E4 -> 9 | I58: ='GT Input'!F4 -> 18 | J58: ='Detailed Results'!G58 -> 9 | K58: ='Detailed Results'!H58 -> 8 | L58: =IFERROR(K58/J58,"") -> 0.88888889 | M58: =IFERROR(K58/F58,"") -> 0.88888889 | N58: =IFERROR(2*L58*M58/(L58+M58),"") -> 0.88888889 | O58: ='Detailed Results'!I58 -> 18 | P58: ='Detailed Results'!J58 -> 18 | Q58: =IFERROR(P58/O58,"") -> 1 | R58: =IFERROR(P58/G58,"") -> 1 | S58: =IFERROR(2*Q58*R58/(Q58+R58),"") -> 1 | T58: ='Detailed Results'!K58 -> 9 | U58: ='Detailed Results'!L58 -> 8 | V58: =IFERROR(U58/T58,"") -> 0.88888889 | W58: =IFERROR(U58/H58,"") -> 0.88888889 | X58: =IFERROR(2*V58*W58/(V58+W58),"") -> 0.88888889 | Y58: ='Detailed Results'!M58 -> 18 | Z58: ='Detailed Results'!N58 -> 18 | AA58: =IFERROR(Z58/Y58,"") -> 1 | AB58: =IFERROR(Z58/I58,"") -> 1 | AC58: =IFERROR(2*AA58*AB58/(AA58+AB58),"") -> 1
B59: Mistral | C59: T=0.6 | D59: 3 | E59: one | F59: ='GT Input'!C4 -> 9 | G59: ='GT Input'!D4 -> 18 | H59: ='GT Input'!E4 -> 9 | I59: ='GT Input'!F4 -> 18 | J59: ='Detailed Results'!G59 -> 7 | K59: ='Detailed Results'!H59 -> 7 | L59: =IFERROR(K59/J59,"") -> 1 | M59: =IFERROR(K59/F59,"") -> 0.77777778 | N59: =IFERROR(2*L59*M59/(L59+M59),"") -> 0.875 | O59: ='Detailed Results'!I59 -> 12 | P59: ='Detailed Results'!J59 -> 12 | Q59: =IFERROR(P59/O59,"") -> 1 | R59: =IFERROR(P59/G59,"") -> 0.66666667 | S59: =IFERROR(2*Q59*R59/(Q59+R59),"") -> 0.8 | T59: ='Detailed Results'!K59 -> 7 | U59: ='Detailed Results'!L59 -> 4 | V59: =IFERROR(U59/T59,"") -> 0.57142857 | W59: =IFERROR(U59/H59,"") -> 0.44444444 | X59: =IFERROR(2*V59*W59/(V59+W59),"") -> 0.5 | Y59: ='Detailed Results'!M59 -> 12 | Z59: ='Detailed Results'!N59 -> 12 | AA59: =IFERROR(Z59/Y59,"") -> 1 | AB59: =IFERROR(Z59/I59,"") -> 0.66666667 | AC59: =IFERROR(2*AA59*AB59/(AA59+AB59),"") -> 0.8
A60: Description 02 | B60: Gemini | C60: T=0.2 | D60: 1 | E60: zero | F60: ='GT Input'!C5 -> 9 | G60: ='GT Input'!D5 -> 15 | H60: ='GT Input'!E5 -> 9 | I60: ='GT Input'!F5 -> 15 | J60: ='Detailed Results'!G60 -> 9 | K60: ='Detailed Results'!H60 -> 9 | L60: =IFERROR(K60/J60,"") -> 1 | M60: =IFERROR(K60/F60,"") -> 1 | N60: =IFERROR(2*L60*M60/(L60+M60),"") -> 1 | O60: ='Detailed Results'!I60 -> 19 | P60: ='Detailed Results'!J60 -> 19 | Q60: =IFERROR(P60/O60,"") -> 1 | R60: =IFERROR(P60/G60,"") -> 1.2666667 | S60: =IFERROR(2*Q60*R60/(Q60+R60),"") -> 1.1176471 | T60: ='Detailed Results'!K60 -> 9 | U60: ='Detailed Results'!L60 -> 9 | V60: =IFERROR(U60/T60,"") -> 1 | W60: =IFERROR(U60/H60,"") -> 1 | X60: =IFERROR(2*V60*W60/(V60+W60),"") -> 1 | Y60: ='Detailed Results'!M60 -> 19 | Z60: ='Detailed Results'!N60 -> 15 | AA60: =IFERROR(Z60/Y60,"") -> 0.78947368 | AB60: =IFERROR(Z60/I60,"") -> 1 | AC60: =IFERROR(2*AA60*AB60/(AA60+AB60),"") -> 0.88235294
B61: Gemini | C61: T=0.2 | D61: 1 | E61: one | F61: ='GT Input'!C5 -> 9 | G61: ='GT Input'!D5 -> 15 | H61: ='GT Input'!E5 -> 9 | I61: ='GT Input'!F5 -> 15 | J61: ='Detailed Results'!G61 -> 9 | K61: ='Detailed Results'!H61 -> 9 | L61: =IFERROR(K61/J61,"") -> 1 | M61: =IFERROR(K61/F61,"") -> 1 | N61: =IFERROR(2*L61*M61/(L61+M61),"") -> 1 | O61: ='Detailed Results'!I61 -> 19 | P61: ='Detailed Results'!J61 -> 19 | Q61: =IFERROR(P61/O61,"") -> 1 | R61: =IFERROR(P61/G61,"") -> 1.2666667 | S61: =IFERROR(2*Q61*R61/(Q61+R61),"") -> 1.1176471 | T61: ='Detailed Results'!K61 -> 9 | U61: ='Detailed Results'!L61 -> 9 | V61: =IFERROR(U61/T61,"") -> 1 | W61: =IFERROR(U61/H61,"") -> 1 | X61: =IFERROR(2*V61*W61/(V61+W61),"") -> 1 | Y61: ='Detailed Results'!M61 -> 19 | Z61: ='Detailed Results'!N61 -> 15 | AA61: =IFERROR(Z61/Y61,"") -> 0.78947368 | AB61: =IFERROR(Z61/I61,"") -> 1 | AC61: =IFERROR(2*AA61*AB61/(AA61+AB61),"") -> 0.88235294
B62: Gemini | C62: T=0.2 | D62: 2 | E62: zero | F62: ='GT Input'!C5 -> 9 | G62: ='GT Input'!D5 -> 15 | H62: ='GT Input'!E5 -> 9 | I62: ='GT Input'!F5 -> 15 | J62: ='Detailed Results'!G62 -> 9 | K62: ='Detailed Results'!H62 -> 9 | L62: =IFERROR(K62/J62,"") -> 1 | M62: =IFERROR(K62/F62,"") -> 1 | N62: =IFERROR(2*L62*M62/(L62+M62),"") -> 1 | O62: ='Detailed Results'!I62 -> 16 | P62: ='Detailed Results'!J62 -> 16 | Q62: =IFERROR(P62/O62,"") -> 1 | R62: =IFERROR(P62/G62,"") -> 1.0666667 | S62: =IFERROR(2*Q62*R62/(Q62+R62),"") -> 1.0322581 | T62: ='Detailed Results'!K62 -> 9 | U62: ='Detailed Results'!L62 -> 9 | V62: =IFERROR(U62/T62,"") -> 1 | W62: =IFERROR(U62/H62,"") -> 1 | X62: =IFERROR(2*V62*W62/(V62+W62),"") -> 1 | Y62: ='Detailed Results'!M62 -> 16 | Z62: ='Detailed Results'!N62 -> 12 | AA62: =IFERROR(Z62/Y62,"") -> 0.75 | AB62: =IFERROR(Z62/I62,"") -> 0.8 | AC62: =IFERROR(2*AA62*AB62/(AA62+AB62),"") -> 0.77419355
B63: Gemini | C63: T=0.2 | D63: 2 | E63: one | F63: ='GT Input'!C5 -> 9 | G63: ='GT Input'!D5 -> 15 | H63: ='GT Input'!E5 -> 9 | I63: ='GT Input'!F5 -> 15 | J63: ='Detailed Results'!G63 -> 9 | K63: ='Detailed Results'!H63 -> 9 | L63: =IFERROR(K63/J63,"") -> 1 | M63: =IFERROR(K63/F63,"") -> 1 | N63: =IFERROR(2*L63*M63/(L63+M63),"") -> 1 | O63: ='Detailed Results'!I63 -> 19 | P63: ='Detailed Results'!J63 -> 19 | Q63: =IFERROR(P63/O63,"") -> 1 | R63: =IFERROR(P63/G63,"") -> 1.2666667 | S63: =IFERROR(2*Q63*R63/(Q63+R63),"") -> 1.1176471 | T63: ='Detailed Results'!K63 -> 9 | U63: ='Detailed Results'!L63 -> 9 | V63: =IFERROR(U63/T63,"") -> 1 | W63: =IFERROR(U63/H63,"") -> 1 | X63: =IFERROR(2*V63*W63/(V63+W63),"") -> 1 | Y63: ='Detailed Results'!M63 -> 19 | Z63: ='Detailed Results'!N63 -> 16 | AA63: =IFERROR(Z63/Y63,"") -> 0.84210526 | AB63: =IFERROR(Z63/I63,"") -> 1.0666667 | AC63: =IFERROR(2*AA63*AB63/(AA63+AB63),"") -> 0.94117647
B64: Gemini | C64: T=0.2 | D64: 3 | E64: zero | F64: ='GT Input'!C5 -> 9 | G64: ='GT Input'!D5 -> 15 | H64: ='GT Input'!E5 -> 9 | I64: ='GT Input'!F5 -> 15 | J64: ='Detailed Results'!G64 -> 9 | K64: ='Detailed Results'!H64 -> 9 | L64: =IFERROR(K64/J64,"") -> 1 | M64: =IFERROR(K64/F64,"") -> 1 | N64: =IFERROR(2*L64*M64/(L64+M64),"") -> 1 | O64: ='Detailed Results'!I64 -> 15 | P64: ='Detailed Results'!J64 -> 15 | Q64: =IFERROR(P64/O64,"") -> 1 | R64: =IFERROR(P64/G64,"") -> 1 | S64: =IFERROR(2*Q64*R64/(Q64+R64),"") -> 1 | T64: ='Detailed Results'!K64 -> 9 | U64: ='Detailed Results'!L64 -> 9 | V64: =IFERROR(U64/T64,"") -> 1 | W64: =IFERROR(U64/H64,"") -> 1 | X64: =IFERROR(2*V64*W64/(V64+W64),"") -> 1 | Y64: ='Detailed Results'!M64 -> 15 | Z64: ='Detailed Results'!N64 -> 10 | AA64: =IFERROR(Z64/Y64,"") -> 0.66666667 | AB64: =IFERROR(Z64/I64,"") -> 0.66666667 | AC64: =IFERROR(2*AA64*AB64/(AA64+AB64),"") -> 0.66666667
B65: Gemini | C65: T=0.2 | D65: 3 | E65: one | F65: ='GT Input'!C5 -> 9 | G65: ='GT Input'!D5 -> 15 | H65: ='GT Input'!E5 -> 9 | I65: ='GT Input'!F5 -> 15 | J65: ='Detailed Results'!G65 -> 9 | K65: ='Detailed Results'!H65 -> 9 | L65: =IFERROR(K65/J65,"") -> 1 | M65: =IFERROR(K65/F65,"") -> 1 | N65: =IFERROR(2*L65*M65/(L65+M65),"") -> 1 | O65: ='Detailed Results'!I65 -> 19 | P65: ='Detailed Results'!J65 -> 19 | Q65: =IFERROR(P65/O65,"") -> 1 | R65: =IFERROR(P65/G65,"") -> 1.2666667 | S65: =IFERROR(2*Q65*R65/(Q65+R65),"") -> 1.1176471 | T65: ='Detailed Results'!K65 -> 9 | U65: ='Detailed Results'!L65 -> 9 | V65: =IFERROR(U65/T65,"") -> 1 | W65: =IFERROR(U65/H65,"") -> 1 | X65: =IFERROR(2*V65*W65/(V65+W65),"") -> 1 | Y65: ='Detailed Results'!M65 -> 19 | Z65: ='Detailed Results'!N65 -> 16 | AA65: =IFERROR(Z65/Y65,"") -> 0.84210526 | AB65: =IFERROR(Z65/I65,"") -> 1.0666667 | AC65: =IFERROR(2*AA65*AB65/(AA65+AB65),"") -> 0.94117647
B66: Gemini | C66: T=0.4 | D66: 1 | E66: zero | F66: ='GT Input'!C5 -> 9 | G66: ='GT Input'!D5 -> 15 | H66: ='GT Input'!E5 -> 9 | I66: ='GT Input'!F5 -> 15 | J66: ='Detailed Results'!G66 -> 9 | K66: ='Detailed Results'!H66 -> 9 | L66: =IFERROR(K66/J66,"") -> 1 | M66: =IFERROR(K66/F66,"") -> 1 | N66: =IFERROR(2*L66*M66/(L66+M66),"") -> 1 | O66: ='Detailed Results'!I66 -> 19 | P66: ='Detailed Results'!J66 -> 19 | Q66: =IFERROR(P66/O66,"") -> 1 | R66: =IFERROR(P66/G66,"") -> 1.2666667 | S66: =IFERROR(2*Q66*R66/(Q66+R66),"") -> 1.1176471 | T66: ='Detailed Results'!K66 -> 9 | U66: ='Detailed Results'!L66 -> 9 | V66: =IFERROR(U66/T66,"") -> 1 | W66: =IFERROR(U66/H66,"") -> 1 | X66: =IFERROR(2*V66*W66/(V66+W66),"") -> 1 | Y66: ='Detailed Results'!M66 -> 19 | Z66: ='Detailed Results'!N66 -> 19 | AA66: =IFERROR(Z66/Y66,"") -> 1 | AB66: =IFERROR(Z66/I66,"") -> 1.2666667 | AC66: =IFERROR(2*AA66*AB66/(AA66+AB66),"") -> 1.1176471
B67: Gemini | C67: T=0.4 | D67: 1 | E67: one | F67: ='GT Input'!C5 -> 9 | G67: ='GT Input'!D5 -> 15 | H67: ='GT Input'!E5 -> 9 | I67: ='GT Input'!F5 -> 15 | J67: ='Detailed Results'!G67 -> 9 | K67: ='Detailed Results'!H67 -> 9 | L67: =IFERROR(K67/J67,"") -> 1 | M67: =IFERROR(K67/F67,"") -> 1 | N67: =IFERROR(2*L67*M67/(L67+M67),"") -> 1 | O67: ='Detailed Results'!I67 -> 19 | P67: ='Detailed Results'!J67 -> 19 | Q67: =IFERROR(P67/O67,"") -> 1 | R67: =IFERROR(P67/G67,"") -> 1.2666667 | S67: =IFERROR(2*Q67*R67/(Q67+R67),"") -> 1.1176471 | T67: ='Detailed Results'!K67 -> 9 | U67: ='Detailed Results'!L67 -> 9 | V67: =IFERROR(U67/T67,"") -> 1 | W67: =IFERROR(U67/H67,"") -> 1 | X67: =IFERROR(2*V67*W67/(V67+W67),"") -> 1 | Y67: ='Detailed Results'!M67 -> 19 | Z67: ='Detailed Results'!N67 -> 15 | AA67: =IFERROR(Z67/Y67,"") -> 0.78947368 | AB67: =IFERROR(Z67/I67,"") -> 1 | AC67: =IFERROR(2*AA67*AB67/(AA67+AB67),"") -> 0.88235294
B68: Gemini | C68: T=0.4 | D68: 2 | E68: zero | F68: ='GT Input'!C5 -> 9 | G68: ='GT Input'!D5 -> 15 | H68: ='GT Input'!E5 -> 9 | I68: ='GT Input'!F5 -> 15 | J68: ='Detailed Results'!G68 -> 9 | K68: ='Detailed Results'!H68 -> 9 | L68: =IFERROR(K68/J68,"") -> 1 | M68: =IFERROR(K68/F68,"") -> 1 | N68: =IFERROR(2*L68*M68/(L68+M68),"") -> 1 | O68: ='Detailed Results'!I68 -> 19 | P68: ='Detailed Results'!J68 -> 19 | Q68: =IFERROR(P68/O68,"") -> 1 | R68: =IFERROR(P68/G68,"") -> 1.2666667 | S68: =IFERROR(2*Q68*R68/(Q68+R68),"") -> 1.1176471 | T68: ='Detailed Results'!K68 -> 9 | U68: ='Detailed Results'!L68 -> 9 | V68: =IFERROR(U68/T68,"") -> 1 | W68: =IFERROR(U68/H68,"") -> 1 | X68: =IFERROR(2*V68*W68/(V68+W68),"") -> 1 | Y68: ='Detailed Results'!M68 -> 19 | Z68: ='Detailed Results'!N68 -> 19 | AA68: =IFERROR(Z68/Y68,"") -> 1 | AB68: =IFERROR(Z68/I68,"") -> 1.2666667 | AC68: =IFERROR(2*AA68*AB68/(AA68+AB68),"") -> 1.1176471
B69: Gemini | C69: T=0.4 | D69: 2 | E69: one | F69: ='GT Input'!C5 -> 9 | G69: ='GT Input'!D5 -> 15 | H69: ='GT Input'!E5 -> 9 | I69: ='GT Input'!F5 -> 15 | J69: ='Detailed Results'!G69 -> 9 | K69: ='Detailed Results'!H69 -> 9 | L69: =IFERROR(K69/J69,"") -> 1 | M69: =IFERROR(K69/F69,"") -> 1 | N69: =IFERROR(2*L69*M69/(L69+M69),"") -> 1 | O69: ='Detailed Results'!I69 -> 19 | P69: ='Detailed Results'!J69 -> 19 | Q69: =IFERROR(P69/O69,"") -> 1 | R69: =IFERROR(P69/G69,"") -> 1.2666667 | S69: =IFERROR(2*Q69*R69/(Q69+R69),"") -> 1.1176471 | T69: ='Detailed Results'!K69 -> 9 | U69: ='Detailed Results'!L69 -> 9 | V69: =IFERROR(U69/T69,"") -> 1 | W69: =IFERROR(U69/H69,"") -> 1 | X69: =IFERROR(2*V69*W69/(V69+W69),"") -> 1 | Y69: ='Detailed Results'!M69 -> 19 | Z69: ='Detailed Results'!N69 -> 19 | AA69: =IFERROR(Z69/Y69,"") -> 1 | AB69: =IFERROR(Z69/I69,"") -> 1.2666667 | AC69: =IFERROR(2*AA69*AB69/(AA69+AB69),"") -> 1.1176471
B70: Gemini | C70: T=0.4 | D70: 3 | E70: zero | F70: ='GT Input'!C5 -> 9 | G70: ='GT Input'!D5 -> 15 | H70: ='GT Input'!E5 -> 9 | I70: ='GT Input'!F5 -> 15 | J70: ='Detailed Results'!G70 -> 9 | K70: ='Detailed Results'!H70 -> 9 | L70: =IFERROR(K70/J70,"") -> 1 | M70: =IFERROR(K70/F70,"") -> 1 | N70: =IFERROR(2*L70*M70/(L70+M70),"") -> 1 | O70: ='Detailed Results'!I70 -> 19 | P70: ='Detailed Results'!J70 -> 19 | Q70: =IFERROR(P70/O70,"") -> 1 | R70: =IFERROR(P70/G70,"") -> 1.2666667 | S70: =IFERROR(2*Q70*R70/(Q70+R70),"") -> 1.1176471 | T70: ='Detailed Results'!K70 -> 9 | U70: ='Detailed Results'!L70 -> 9 | V70: =IFERROR(U70/T70,"") -> 1 | W70: =IFERROR(U70/H70,"") -> 1 | X70: =IFERROR(2*V70*W70/(V70+W70),"") -> 1 | Y70: ='Detailed Results'!M70 -> 19 | Z70: ='Detailed Results'!N70 -> 19 | AA70: =IFERROR(Z70/Y70,"") -> 1 | AB70: =IFERROR(Z70/I70,"") -> 1.2666667 | AC70: =IFERROR(2*AA70*AB70/(AA70+AB70),"") -> 1.1176471
B71: Gemini | C71: T=0.4 | D71: 3 | E71: one | F71: ='GT Input'!C5 -> 9 | G71: ='GT Input'!D5 -> 15 | H71: ='GT Input'!E5 -> 9 | I71: ='GT Input'!F5 -> 15 | J71: ='Detailed Results'!G71 -> 9 | K71: ='Detailed Results'!H71 -> 9 | L71: =IFERROR(K71/J71,"") -> 1 | M71: =IFERROR(K71/F71,"") -> 1 | N71: =IFERROR(2*L71*M71/(L71+M71),"") -> 1 | O71: ='Detailed Results'!I71 -> 19 | P71: ='Detailed Results'!J71 -> 19 | Q71: =IFERROR(P71/O71,"") -> 1 | R71: =IFERROR(P71/G71,"") -> 1.2666667 | S71: =IFERROR(2*Q71*R71/(Q71+R71),"") -> 1.1176471 | T71: ='Detailed Results'!K71 -> 9 | U71: ='Detailed Results'!L71 -> 9 | V71: =IFERROR(U71/T71,"") -> 1 | W71: =IFERROR(U71/H71,"") -> 1 | X71: =IFERROR(2*V71*W71/(V71+W71),"") -> 1 | Y71: ='Detailed Results'!M71 -> 19 | Z71: ='Detailed Results'!N71 -> 19 | AA71: =IFERROR(Z71/Y71,"") -> 1 | AB71: =IFERROR(Z71/I71,"") -> 1.2666667 | AC71: =IFERROR(2*AA71*AB71/(AA71+AB71),"") -> 1.1176471
B72: Gemini | C72: T=0.6 | D72: 1 | E72: zero | F72: ='GT Input'!C5 -> 9 | G72: ='GT Input'!D5 -> 15 | H72: ='GT Input'!E5 -> 9 | I72: ='GT Input'!F5 -> 15 | J72: ='Detailed Results'!G72 -> 9 | K72: ='Detailed Results'!H72 -> 9 | L72: =IFERROR(K72/J72,"") -> 1 | M72: =IFERROR(K72/F72,"") -> 1 | N72: =IFERROR(2*L72*M72/(L72+M72),"") -> 1 | O72: ='Detailed Results'!I72 -> 18 | P72: ='Detailed Results'!J72 -> 18 | Q72: =IFERROR(P72/O72,"") -> 1 | R72: =IFERROR(P72/G72,"") -> 1.2 | S72: =IFERROR(2*Q72*R72/(Q72+R72),"") -> 1.0909091 | T72: ='Detailed Results'!K72 -> 9 | U72: ='Detailed Results'!L72 -> 9 | V72: =IFERROR(U72/T72,"") -> 1 | W72: =IFERROR(U72/H72,"") -> 1 | X72: =IFERROR(2*V72*W72/(V72+W72),"") -> 1 | Y72: ='Detailed Results'!M72 -> 18 | Z72: ='Detailed Results'!N72 -> 18 | AA72: =IFERROR(Z72/Y72,"") -> 1 | AB72: =IFERROR(Z72/I72,"") -> 1.2 | AC72: =IFERROR(2*AA72*AB72/(AA72+AB72),"") -> 1.0909091
B73: Gemini | C73: T=0.6 | D73: 1 | E73: one | F73: ='GT Input'!C5 -> 9 | G73: ='GT Input'!D5 -> 15 | H73: ='GT Input'!E5 -> 9 | I73: ='GT Input'!F5 -> 15 | J73: ='Detailed Results'!G73 -> 9 | K73: ='Detailed Results'!H73 -> 9 | L73: =IFERROR(K73/J73,"") -> 1 | M73: =IFERROR(K73/F73,"") -> 1 | N73: =IFERROR(2*L73*M73/(L73+M73),"") -> 1 | O73: ='Detailed Results'!I73 -> 19 | P73: ='Detailed Results'!J73 -> 19 | Q73: =IFERROR(P73/O73,"") -> 1 | R73: =IFERROR(P73/G73,"") -> 1.2666667 | S73: =IFERROR(2*Q73*R73/(Q73+R73),"") -> 1.1176471 | T73: ='Detailed Results'!K73 -> 9 | U73: ='Detailed Results'!L73 -> 9 | V73: =IFERROR(U73/T73,"") -> 1 | W73: =IFERROR(U73/H73,"") -> 1 | X73: =IFERROR(2*V73*W73/(V73+W73),"") -> 1 | Y73: ='Detailed Results'!M73 -> 19 | Z73: ='Detailed Results'!N73 -> 19 | AA73: =IFERROR(Z73/Y73,"") -> 1 | AB73: =IFERROR(Z73/I73,"") -> 1.2666667 | AC73: =IFERROR(2*AA73*AB73/(AA73+AB73),"") -> 1.1176471
B74: Gemini | C74: T=0.6 | D74: 2 | E74: zero | F74: ='GT Input'!C5 -> 9 | G74: ='GT Input'!D5 -> 15 | H74: ='GT Input'!E5 -> 9 | I74: ='GT Input'!F5 -> 15 | J74: ='Detailed Results'!G74 -> 9 | K74: ='Detailed Results'!H74 -> 9 | L74: =IFERROR(K74/J74,"") -> 1 | M74: =IFERROR(K74/F74,"") -> 1 | N74: =IFERROR(2*L74*M74/(L74+M74),"") -> 1 | O74: ='Detailed Results'!I74 -> 20 | P74: ='Detailed Results'!J74 -> 20 | Q74: =IFERROR(P74/O74,"") -> 1 | R74: =IFERROR(P74/G74,"") -> 1.3333333 | S74: =IFERROR(2*Q74*R74/(Q74+R74),"") -> 1.1428571 | T74: ='Detailed Results'!K74 -> 9 | U74: ='Detailed Results'!L74 -> 9 | V74: =IFERROR(U74/T74,"") -> 1 | W74: =IFERROR(U74/H74,"") -> 1 | X74: =IFERROR(2*V74*W74/(V74+W74),"") -> 1 | Y74: ='Detailed Results'!M74 -> 20 | Z74: ='Detailed Results'!N74 -> 19 | AA74: =IFERROR(Z74/Y74,"") -> 0.95 | AB74: =IFERROR(Z74/I74,"") -> 1.2666667 | AC74: =IFERROR(2*AA74*AB74/(AA74+AB74),"") -> 1.0857143
B75: Gemini | C75: T=0.6 | D75: 2 | E75: one | F75: ='GT Input'!C5 -> 9 | G75: ='GT Input'!D5 -> 15 | H75: ='GT Input'!E5 -> 9 | I75: ='GT Input'!F5 -> 15 | J75: ='Detailed Results'!G75 -> 9 | K75: ='Detailed Results'!H75 -> 9 | L75: =IFERROR(K75/J75,"") -> 1 | M75: =IFERROR(K75/F75,"") -> 1 | N75: =IFERROR(2*L75*M75/(L75+M75),"") -> 1 | O75: ='Detailed Results'!I75 -> 19 | P75: ='Detailed Results'!J75 -> 19 | Q75: =IFERROR(P75/O75,"") -> 1 | R75: =IFERROR(P75/G75,"") -> 1.2666667 | S75: =IFERROR(2*Q75*R75/(Q75+R75),"") -> 1.1176471 | T75: ='Detailed Results'!K75 -> 9 | U75: ='Detailed Results'!L75 -> 9 | V75: =IFERROR(U75/T75,"") -> 1 | W75: =IFERROR(U75/H75,"") -> 1 | X75: =IFERROR(2*V75*W75/(V75+W75),"") -> 1 | Y75: ='Detailed Results'!M75 -> 19 | Z75: ='Detailed Results'!N75 -> 19 | AA75: =IFERROR(Z75/Y75,"") -> 1 | AB75: =IFERROR(Z75/I75,"") -> 1.2666667 | AC75: =IFERROR(2*AA75*AB75/(AA75+AB75),"") -> 1.1176471
B76: Gemini | C76: T=0.6 | D76: 3 | E76: zero | F76: ='GT Input'!C5 -> 9 | G76: ='GT Input'!D5 -> 15 | H76: ='GT Input'!E5 -> 9 | I76: ='GT Input'!F5 -> 15 | J76: ='Detailed Results'!G76 -> 9 | K76: ='Detailed Results'!H76 -> 9 | L76: =IFERROR(K76/J76,"") -> 1 | M76: =IFERROR(K76/F76,"") -> 1 | N76: =IFERROR(2*L76*M76/(L76+M76),"") -> 1 | O76: ='Detailed Results'!I76 -> 19 | P76: ='Detailed Results'!J76 -> 19 | Q76: =IFERROR(P76/O76,"") -> 1 | R76: =IFERROR(P76/G76,"") -> 1.2666667 | S76: =IFERROR(2*Q76*R76/(Q76+R76),"") -> 1.1176471 | T76: ='Detailed Results'!K76 -> 9 | U76: ='Detailed Results'!L76 -> 9 | V76: =IFERROR(U76/T76,"") -> 1 | W76: =IFERROR(U76/H76,"") -> 1 | X76: =IFERROR(2*V76*W76/(V76+W76),"") -> 1 | Y76: ='Detailed Results'!M76 -> 19 | Z76: ='Detailed Results'!N76 -> 19 | AA76: =IFERROR(Z76/Y76,"") -> 1 | AB76: =IFERROR(Z76/I76,"") -> 1.2666667 | AC76: =IFERROR(2*AA76*AB76/(AA76+AB76),"") -> 1.1176471
B77: Gemini | C77: T=0.6 | D77: 3 | E77: one | F77: ='GT Input'!C5 -> 9 | G77: ='GT Input'!D5 -> 15 | H77: ='GT Input'!E5 -> 9 | I77: ='GT Input'!F5 -> 15 | J77: ='Detailed Results'!G77 -> 9 | K77: ='Detailed Results'!H77 -> 9 | L77: =IFERROR(K77/J77,"") -> 1 | M77: =IFERROR(K77/F77,"") -> 1 | N77: =IFERROR(2*L77*M77/(L77+M77),"") -> 1 | O77: ='Detailed Results'!I77 -> 19 | P77: ='Detailed Results'!J77 -> 19 | Q77: =IFERROR(P77/O77,"") -> 1 | R77: =IFERROR(P77/G77,"") -> 1.2666667 | S77: =IFERROR(2*Q77*R77/(Q77+R77),"") -> 1.1176471 | T77: ='Detailed Results'!K77 -> 9 | U77: ='Detailed Results'!L77 -> 9 | V77: =IFERROR(U77/T77,"") -> 1 | W77: =IFERROR(U77/H77,"") -> 1 | X77: =IFERROR(2*V77*W77/(V77+W77),"") -> 1 | Y77: ='Detailed Results'!M77 -> 19 | Z77: ='Detailed Results'!N77 -> 19 | AA77: =IFERROR(Z77/Y77,"") -> 1 | AB77: =IFERROR(Z77/I77,"") -> 1.2666667 | AC77: =IFERROR(2*AA77*AB77/(AA77+AB77),"") -> 1.1176471
B78: Llama 3 | C78: T=0.2 | D78: 1 | E78: zero | F78: ='GT Input'!C5 -> 9 | G78: ='GT Input'!D5 -> 15 | H78: ='GT Input'!E5 -> 9 | I78: ='GT Input'!F5 -> 15 | J78: ='Detailed Results'!G78 -> 9 | K78: ='Detailed Results'!H78 -> 9 | L78: =IFERROR(K78/J78,"") -> 1 | M78: =IFERROR(K78/F78,"") -> 1 | N78: =IFERROR(2*L78*M78/(L78+M78),"") -> 1 | O78: ='Detailed Results'!I78 -> 14 | P78: ='Detailed Results'!J78 -> 14 | Q78: =IFERROR(P78/O78,"") -> 1 | R78: =IFERROR(P78/G78,"") -> 0.93333333 | S78: =IFERROR(2*Q78*R78/(Q78+R78),"") -> 0.96551724 | T78: ='Detailed Results'!K78 -> 9 | U78: ='Detailed Results'!L78 -> 9 | V78: =IFERROR(U78/T78,"") -> 1 | W78: =IFERROR(U78/H78,"") -> 1 | X78: =IFERROR(2*V78*W78/(V78+W78),"") -> 1 | Y78: ='Detailed Results'!M78 -> 14 | Z78: ='Detailed Results'!N78 -> 11 | AA78: =IFERROR(Z78/Y78,"") -> 0.78571429 | AB78: =IFERROR(Z78/I78,"") -> 0.73333333 | AC78: =IFERROR(2*AA78*AB78/(AA78+AB78),"") -> 0.75862069
B79: Llama 3 | C79: T=0.2 | D79: 1 | E79: one | F79: ='GT Input'!C5 -> 9 | G79: ='GT Input'!D5 -> 15 | H79: ='GT Input'!E5 -> 9 | I79: ='GT Input'!F5 -> 15 | J79: ='Detailed Results'!G79 -> 9 | K79: ='Detailed Results'!H79 -> 9 | L79: =IFERROR(K79/J79,"") -> 1 | M79: =IFERROR(K79/F79,"") -> 1 | N79: =IFERROR(2*L79*M79/(L79+M79),"") -> 1 | O79: ='Detailed Results'!I79 -> 15 | P79: ='Detailed Results'!J79 -> 15 | Q79: =IFERROR(P79/O79,"") -> 1 | R79: =IFERROR(P79/G79,"") -> 1 | S79: =IFERROR(2*Q79*R79/(Q79+R79),"") -> 1 | T79: ='Detailed Results'!K79 -> 9 | U79: ='Detailed Results'!L79 -> 9 | V79: =IFERROR(U79/T79,"") -> 1 | W79: =IFERROR(U79/H79,"") -> 1 | X79: =IFERROR(2*V79*W79/(V79+W79),"") -> 1 | Y79: ='Detailed Results'!M79 -> 15 | Z79: ='Detailed Results'!N79 -> 15 | AA79: =IFERROR(Z79/Y79,"") -> 1 | AB79: =IFERROR(Z79/I79,"") -> 1 | AC79: =IFERROR(2*AA79*AB79/(AA79+AB79),"") -> 1
B80: Llama 3 | C80: T=0.2 | D80: 2 | E80: zero | F80: ='GT Input'!C5 -> 9 | G80: ='GT Input'!D5 -> 15 | H80: ='GT Input'!E5 -> 9 | I80: ='GT Input'!F5 -> 15 | J80: ='Detailed Results'!G80 -> 9 | K80: ='Detailed Results'!H80 -> 9 | L80: =IFERROR(K80/J80,"") -> 1 | M80: =IFERROR(K80/F80,"") -> 1 | N80: =IFERROR(2*L80*M80/(L80+M80),"") -> 1 | O80: ='Detailed Results'!I80 -> 16 | P80: ='Detailed Results'!J80 -> 16 | Q80: =IFERROR(P80/O80,"") -> 1 | R80: =IFERROR(P80/G80,"") -> 1.0666667 | S80: =IFERROR(2*Q80*R80/(Q80+R80),"") -> 1.0322581 | T80: ='Detailed Results'!K80 -> 9 | U80: ='Detailed Results'!L80 -> 9 | V80: =IFERROR(U80/T80,"") -> 1 | W80: =IFERROR(U80/H80,"") -> 1 | X80: =IFERROR(2*V80*W80/(V80+W80),"") -> 1 | Y80: ='Detailed Results'!M80 -> 16 | Z80: ='Detailed Results'!N80 -> 12 | AA80: =IFERROR(Z80/Y80,"") -> 0.75 | AB80: =IFERROR(Z80/I80,"") -> 0.8 | AC80: =IFERROR(2*AA80*AB80/(AA80+AB80),"") -> 0.77419355
B81: Llama 3 | C81: T=0.2 | D81: 2 | E81: one | F81: ='GT Input'!C5 -> 9 | G81: ='GT Input'!D5 -> 15 | H81: ='GT Input'!E5 -> 9 | I81: ='GT Input'!F5 -> 15 | J81: ='Detailed Results'!G81 -> 9 | K81: ='Detailed Results'!H81 -> 9 | L81: =IFERROR(K81/J81,"") -> 1 | M81: =IFERROR(K81/F81,"") -> 1 | N81: =IFERROR(2*L81*M81/(L81+M81),"") -> 1 | O81: ='Detailed Results'!I81 -> 14 | P81: ='Detailed Results'!J81 -> 14 | Q81: =IFERROR(P81/O81,"") -> 1 | R81: =IFERROR(P81/G81,"") -> 0.93333333 | S81: =IFERROR(2*Q81*R81/(Q81+R81),"") -> 0.96551724 | T81: ='Detailed Results'!K81 -> 9 | U81: ='Detailed Results'!L81 -> 9 | V81: =IFERROR(U81/T81,"") -> 1 | W81: =IFERROR(U81/H81,"") -> 1 | X81: =IFERROR(2*V81*W81/(V81+W81),"") -> 1 | Y81: ='Detailed Results'!M81 -> 14 | Z81: ='Detailed Results'!N81 -> 11 | AA81: =IFERROR(Z81/Y81,"") -> 0.78571429 | AB81: =IFERROR(Z81/I81,"") -> 0.73333333 | AC81: =IFERROR(2*AA81*AB81/(AA81+AB81),"") -> 0.75862069
B82: Llama 3 | C82: T=0.2 | D82: 3 | E82: zero | F82: ='GT Input'!C5 -> 9 | G82: ='GT Input'!D5 -> 15 | H82: ='GT Input'!E5 -> 9 | I82: ='GT Input'!F5 -> 15 | J82: ='Detailed Results'!G82 -> 9 | K82: ='Detailed Results'!H82 -> 9 | L82: =IFERROR(K82/J82,"") -> 1 | M82: =IFERROR(K82/F82,"") -> 1 | N82: =IFERROR(2*L82*M82/(L82+M82),"") -> 1 | O82: ='Detailed Results'!I82 -> 14 | P82: ='Detailed Results'!J82 -> 14 | Q82: =IFERROR(P82/O82,"") -> 1 | R82: =IFERROR(P82/G82,"") -> 0.93333333 | S82: =IFERROR(2*Q82*R82/(Q82+R82),"") -> 0.96551724 | T82: ='Detailed Results'!K82 -> 9 | U82: ='Detailed Results'!L82 -> 9 | V82: =IFERROR(U82/T82,"") -> 1 | W82: =IFERROR(U82/H82,"") -> 1 | X82: =IFERROR(2*V82*W82/(V82+W82),"") -> 1 | Y82: ='Detailed Results'!M82 -> 14 | Z82: ='Detailed Results'!N82 -> 10 | AA82: =IFERROR(Z82/Y82,"") -> 0.71428571 | AB82: =IFERROR(Z82/I82,"") -> 0.66666667 | AC82: =IFERROR(2*AA82*AB82/(AA82+AB82),"") -> 0.68965517
B83: Llama 3 | C83: T=0.2 | D83: 3 | E83: one | F83: ='GT Input'!C5 -> 9 | G83: ='GT Input'!D5 -> 15 | H83: ='GT Input'!E5 -> 9 | I83: ='GT Input'!F5 -> 15 | J83: ='Detailed Results'!G83 -> 9 | K83: ='Detailed Results'!H83 -> 9 | L83: =IFERROR(K83/J83,"") -> 1 | M83: =IFERROR(K83/F83,"") -> 1 | N83: =IFERROR(2*L83*M83/(L83+M83),"") -> 1 | O83: ='Detailed Results'!I83 -> 15 | P83: ='Detailed Results'!J83 -> 15 | Q83: =IFERROR(P83/O83,"") -> 1 | R83: =IFERROR(P83/G83,"") -> 1 | S83: =IFERROR(2*Q83*R83/(Q83+R83),"") -> 1 | T83: ='Detailed Results'!K83 -> 9 | U83: ='Detailed Results'!L83 -> 9 | V83: =IFERROR(U83/T83,"") -> 1 | W83: =IFERROR(U83/H83,"") -> 1 | X83: =IFERROR(2*V83*W83/(V83+W83),"") -> 1 | Y83: ='Detailed Results'!M83 -> 15 | Z83: ='Detailed Results'!N83 -> 14 | AA83: =IFERROR(Z83/Y83,"") -> 0.93333333 | AB83: =IFERROR(Z83/I83,"") -> 0.93333333 | AC83: =IFERROR(2*AA83*AB83/(AA83+AB83),"") -> 0.93333333
B84: Llama 3 | C84: T=0.4 | D84: 1 | E84: zero | F84: ='GT Input'!C5 -> 9 | G84: ='GT Input'!D5 -> 15 | H84: ='GT Input'!E5 -> 9 | I84: ='GT Input'!F5 -> 15 | J84: ='Detailed Results'!G84 -> 9 | K84: ='Detailed Results'!H84 -> 9 | L84: =IFERROR(K84/J84,"") -> 1 | M84: =IFERROR(K84/F84,"") -> 1 | N84: =IFERROR(2*L84*M84/(L84+M84),"") -> 1 | O84: ='Detailed Results'!I84 -> 15 | P84: ='Detailed Results'!J84 -> 15 | Q84: =IFERROR(P84/O84,"") -> 1 | R84: =IFERROR(P84/G84,"") -> 1 | S84: =IFERROR(2*Q84*R84/(Q84+R84),"") -> 1 | T84: ='Detailed Results'!K84 -> 9 | U84: ='Detailed Results'!L84 -> 9 | V84: =IFERROR(U84/T84,"") -> 1 | W84: =IFERROR(U84/H84,"") -> 1 | X84: =IFERROR(2*V84*W84/(V84+W84),"") -> 1 | Y84: ='Detailed Results'!M84 -> 15 | Z84: ='Detailed Results'!N84 -> 12 | AA84: =IFERROR(Z84/Y84,"") -> 0.8 | AB84: =IFERROR(Z84/I84,"") -> 0.8 | AC84: =IFERROR(2*AA84*AB84/(AA84+AB84),"") -> 0.8
B85: Llama 3 | C85: T=0.4 | D85: 1 | E85: one | F85: ='GT Input'!C5 -> 9 | G85: ='GT Input'!D5 -> 15 | H85: ='GT Input'!E5 -> 9 | I85: ='GT Input'!F5 -> 15 | J85: ='Detailed Results'!G85 -> 9 | K85: ='Detailed Results'!H85 -> 9 | L85: =IFERROR(K85/J85,"") -> 1 | M85: =IFERROR(K85/F85,"") -> 1 | N85: =IFERROR(2*L85*M85/(L85+M85),"") -> 1 | O85: ='Detailed Results'!I85 -> 16 | P85: ='Detailed Results'!J85 -> 16 | Q85: =IFERROR(P85/O85,"") -> 1 | R85: =IFERROR(P85/G85,"") -> 1.0666667 | S85: =IFERROR(2*Q85*R85/(Q85+R85),"") -> 1.0322581 | T85: ='Detailed Results'!K85 -> 9 | U85: ='Detailed Results'!L85 -> 9 | V85: =IFERROR(U85/T85,"") -> 1 | W85: =IFERROR(U85/H85,"") -> 1 | X85: =IFERROR(2*V85*W85/(V85+W85),"") -> 1 | Y85: ='Detailed Results'!M85 -> 16 | Z85: ='Detailed Results'!N85 -> 16 | AA85: =IFERROR(Z85/Y85,"") -> 1 | AB85: =IFERROR(Z85/I85,"") -> 1.0666667 | AC85: =IFERROR(2*AA85*AB85/(AA85+AB85),"") -> 1.0322581
B86: Llama 3 | C86: T=0.4 | D86: 2 | E86: zero | F86: ='GT Input'!C5 -> 9 | G86: ='GT Input'!D5 -> 15 | H86: ='GT Input'!E5 -> 9 | I86: ='GT Input'!F5 -> 15 | J86: ='Detailed Results'!G86 -> 9 | K86: ='Detailed Results'!H86 -> 9 | L86: =IFERROR(K86/J86,"") -> 1 | M86: =IFERROR(K86/F86,"") -> 1 | N86: =IFERROR(2*L86*M86/(L86+M86),"") -> 1 | O86: ='Detailed Results'!I86 -> 15 | P86: ='Detailed Results'!J86 -> 15 | Q86: =IFERROR(P86/O86,"") -> 1 | R86: =IFERROR(P86/G86,"") -> 1 | S86: =IFERROR(2*Q86*R86/(Q86+R86),"") -> 1 | T86: ='Detailed Results'!K86 -> 9 | U86: ='Detailed Results'!L86 -> 9 | V86: =IFERROR(U86/T86,"") -> 1 | W86: =IFERROR(U86/H86,"") -> 1 | X86: =IFERROR(2*V86*W86/(V86+W86),"") -> 1 | Y86: ='Detailed Results'!M86 -> 15 | Z86: ='Detailed Results'!N86 -> 13 | AA86: =IFERROR(Z86/Y86,"") -> 0.86666667 | AB86: =IFERROR(Z86/I86,"") -> 0.86666667 | AC86: =IFERROR(2*AA86*AB86/(AA86+AB86),"") -> 0.86666667
B87: Llama 3 | C87: T=0.4 | D87: 2 | E87: one | F87: ='GT Input'!C5 -> 9 | G87: ='GT Input'!D5 -> 15 | H87: ='GT Input'!E5 -> 9 | I87: ='GT Input'!F5 -> 15 | J87: ='Detailed Results'!G87 -> 9 | K87: ='Detailed Results'!H87 -> 9 | L87: =IFERROR(K87/J87,"") -> 1 | M87: =IFERROR(K87/F87,"") -> 1 | N87: =IFERROR(2*L87*M87/(L87+M87),"") -> 1 | O87: ='Detailed Results'!I87 -> 15 | P87: ='Detailed Results'!J87 -> 15 | Q87: =IFERROR(P87/O87,"") -> 1 | R87: =IFERROR(P87/G87,"") -> 1 | S87: =IFERROR(2*Q87*R87/(Q87+R87),"") -> 1 | T87: ='Detailed Results'!K87 -> 9 | U87: ='Detailed Results'!L87 -> 9 | V87: =IFERROR(U87/T87,"") -> 1 | W87: =IFERROR(U87/H87,"") -> 1 | X87: =IFERROR(2*V87*W87/(V87+W87),"") -> 1 | Y87: ='Detailed Results'!M87 -> 15 | Z87: ='Detailed Results'!N87 -> 15 | AA87: =IFERROR(Z87/Y87,"") -> 1 | AB87: =IFERROR(Z87/I87,"") -> 1 | AC87: =IFERROR(2*AA87*AB87/(AA87+AB87),"") -> 1
B88: Llama 3 | C88: T=0.4 | D88: 3 | E88: zero | F88: ='GT Input'!C5 -> 9 | G88: ='GT Input'!D5 -> 15 | H88: ='GT Input'!E5 -> 9 | I88: ='GT Input'!F5 -> 15 | J88: ='Detailed Results'!G88 -> 9 | K88: ='Detailed Results'!H88 -> 9 | L88: =IFERROR(K88/J88,"") -> 1 | M88: =IFERROR(K88/F88,"") -> 1 | N88: =IFERROR(2*L88*M88/(L88+M88),"") -> 1 | O88: ='Detailed Results'!I88 -> 16 | P88: ='Detailed Results'!J88 -> 16 | Q88: =IFERROR(P88/O88,"") -> 1 | R88: =IFERROR(P88/G88,"") -> 1.0666667 | S88: =IFERROR(2*Q88*R88/(Q88+R88),"") -> 1.0322581 | T88: ='Detailed Results'!K88 -> 9 | U88: ='Detailed Results'!L88 -> 9 | V88: =IFERROR(U88/T88,"") -> 1 | W88: =IFERROR(U88/H88,"") -> 1 | X88: =IFERROR(2*V88*W88/(V88+W88),"") -> 1 | Y88: ='Detailed Results'!M88 -> 16 | Z88: ='Detailed Results'!N88 -> 13 | AA88: =IFERROR(Z88/Y88,"") -> 0.8125 | AB88: =IFERROR(Z88/I88,"") -> 0.86666667 | AC88: =IFERROR(2*AA88*AB88/(AA88+AB88),"") -> 0.83870968
B89: Llama 3 | C89: T=0.4 | D89: 3 | E89: one | F89: ='GT Input'!C5 -> 9 | G89: ='GT Input'!D5 -> 15 | H89: ='GT Input'!E5 -> 9 | I89: ='GT Input'!F5 -> 15 | J89: ='Detailed Results'!G89 -> 9 | K89: ='Detailed Results'!H89 -> 9 | L89: =IFERROR(K89/J89,"") -> 1 | M89: =IFERROR(K89/F89,"") -> 1 | N89: =IFERROR(2*L89*M89/(L89+M89),"") -> 1 | O89: ='Detailed Results'!I89 -> 15 | P89: ='Detailed Results'!J89 -> 15 | Q89: =IFERROR(P89/O89,"") -> 1 | R89: =IFERROR(P89/G89,"") -> 1 | S89: =IFERROR(2*Q89*R89/(Q89+R89),"") -> 1 | T89: ='Detailed Results'!K89 -> 9 | U89: ='Detailed Results'!L89 -> 9 | V89: =IFERROR(U89/T89,"") -> 1 | W89: =IFERROR(U89/H89,"") -> 1 | X89: =IFERROR(2*V89*W89/(V89+W89),"") -> 1 | Y89: ='Detailed Results'!M89 -> 15 | Z89: ='Detailed Results'!N89 -> 15 | AA89: =IFERROR(Z89/Y89,"") -> 1 | AB89: =IFERROR(Z89/I89,"") -> 1 | AC89: =IFERROR(2*AA89*AB89/(AA89+AB89),"") -> 1
B90: Llama 3 | C90: T=0.6 | D90: 1 | E90: zero | F90: ='GT Input'!C5 -> 9 | G90: ='GT Input'!D5 -> 15 | H90: ='GT Input'!E5 -> 9 | I90: ='GT Input'!F5 -> 15 | J90: ='Detailed Results'!G90 -> 9 | K90: ='Detailed Results'!H90 -> 9 | L90: =IFERROR(K90/J90,"") -> 1 | M90: =IFERROR(K90/F90,"") -> 1 | N90: =IFERROR(2*L90*M90/(L90+M90),"") -> 1 | O90: ='Detailed Results'!I90 -> 15 | P90: ='Detailed Results'!J90 -> 15 | Q90: =IFERROR(P90/O90,"") -> 1 | R90: =IFERROR(P90/G90,"") -> 1 | S90: =IFERROR(2*Q90*R90/(Q90+R90),"") -> 1 | T90: ='Detailed Results'!K90 -> 9 | U90: ='Detailed Results'!L90 -> 9 | V90: =IFERROR(U90/T90,"") -> 1 | W90: =IFERROR(U90/H90,"") -> 1 | X90: =IFERROR(2*V90*W90/(V90+W90),"") -> 1 | Y90: ='Detailed Results'!M90 -> 15 | Z90: ='Detailed Results'!N90 -> 11 | AA90: =IFERROR(Z90/Y90,"") -> 0.73333333 | AB90: =IFERROR(Z90/I90,"") -> 0.73333333 | AC90: =IFERROR(2*AA90*AB90/(AA90+AB90),"") -> 0.73333333
B91: Llama 3 | C91: T=0.6 | D91: 1 | E91: one | F91: ='GT Input'!C5 -> 9 | G91: ='GT Input'!D5 -> 15 | H91: ='GT Input'!E5 -> 9 | I91: ='GT Input'!F5 -> 15 | J91: ='Detailed Results'!G91 -> 9 | K91: ='Detailed Results'!H91 -> 9 | L91: =IFERROR(K91/J91,"") -> 1 | M91: =IFERROR(K91/F91,"") -> 1 | N91: =IFERROR(2*L91*M91/(L91+M91),"") -> 1 | O91: ='Detailed Results'!I91 -> 16 | P91: ='Detailed Results'!J91 -> 16 | Q91: =IFERROR(P91/O91,"") -> 1 | R91: =IFERROR(P91/G91,"") -> 1.0666667 | S91: =IFERROR(2*Q91*R91/(Q91+R91),"") -> 1.0322581 | T91: ='Detailed Results'!K91 -> 9 | U91: ='Detailed Results'!L91 -> 9 | V91: =IFERROR(U91/T91,"") -> 1 | W91: =IFERROR(U91/H91,"") -> 1 | X91: =IFERROR(2*V91*W91/(V91+W91),"") -> 1 | Y91: ='Detailed Results'!M91 -> 16 | Z91: ='Detailed Results'!N91 -> 15 | AA91: =IFERROR(Z91/Y91,"") -> 0.9375 | AB91: =IFERROR(Z91/I91,"") -> 1 | AC91: =IFERROR(2*AA91*AB91/(AA91+AB91),"") -> 0.96774194
B92: Llama 3 | C92: T=0.6 | D92: 2 | E92: zero | F92: ='GT Input'!C5 -> 9 | G92: ='GT Input'!D5 -> 15 | H92: ='GT Input'!E5 -> 9 | I92: ='GT Input'!F5 -> 15 | J92: ='Detailed Results'!G92 -> 9 | K92: ='Detailed Results'!H92 -> 9 | L92: =IFERROR(K92/J92,"") -> 1 | M92: =IFERROR(K92/F92,"") -> 1 | N92: =IFERROR(2*L92*M92/(L92+M92),"") -> 1 | O92: ='Detailed Results'!I92 -> 15 | P92: ='Detailed Results'!J92 -> 15 | Q92: =IFERROR(P92/O92,"") -> 1 | R92: =IFERROR(P92/G92,"") -> 1 | S92: =IFERROR(2*Q92*R92/(Q92+R92),"") -> 1 | T92: ='Detailed Results'!K92 -> 9 | U92: ='Detailed Results'!L92 -> 9 | V92: =IFERROR(U92/T92,"") -> 1 | W92: =IFERROR(U92/H92,"") -> 1 | X92: =IFERROR(2*V92*W92/(V92+W92),"") -> 1 | Y92: ='Detailed Results'!M92 -> 15 | Z92: ='Detailed Results'!N92 -> 13 | AA92: =IFERROR(Z92/Y92,"") -> 0.86666667 | AB92: =IFERROR(Z92/I92,"") -> 0.86666667 | AC92: =IFERROR(2*AA92*AB92/(AA92+AB92),"") -> 0.86666667
B93: Llama 3 | C93: T=0.6 | D93: 2 | E93: one | F93: ='GT Input'!C5 -> 9 | G93: ='GT Input'!D5 -> 15 | H93: ='GT Input'!E5 -> 9 | I93: ='GT Input'!F5 -> 15 | J93: ='Detailed Results'!G93 -> 9 | K93: ='Detailed Results'!H93 -> 9 | L93: =IFERROR(K93/J93,"") -> 1 | M93: =IFERROR(K93/F93,"") -> 1 | N93: =IFERROR(2*L93*M93/(L93+M93),"") -> 1 | O93: ='Detailed Results'!I93 -> 15 | P93: ='Detailed Results'!J93 -> 15 | Q93: =IFERROR(P93/O93,"") -> 1 | R93: =IFERROR(P93/G93,"") -> 1 | S93: =IFERROR(2*Q93*R93/(Q93+R93),"") -> 1 | T93: ='Detailed Results'!K93 -> 9 | U93: ='Detailed Results'!L93 -> 9 | V93: =IFERROR(U93/T93,"") -> 1 | W93: =IFERROR(U93/H93,"") -> 1 | X93: =IFERROR(2*V93*W93/(V93+W93),"") -> 1 | Y93: ='Detailed Results'!M93 -> 15 | Z93: ='Detailed Results'!N93 -> 15 | AA93: =IFERROR(Z93/Y93,"") -> 1 | AB93: =IFERROR(Z93/I93,"") -> 1 | AC93: =IFERROR(2*AA93*AB93/(AA93+AB93),"") -> 1
B94: Llama 3 | C94: T=0.6 | D94: 3 | E94: zero | F94: ='GT Input'!C5 -> 9 | G94: ='GT Input'!D5 -> 15 | H94: ='GT Input'!E5 -> 9 | I94: ='GT Input'!F5 -> 15 | J94: ='Detailed Results'!G94 -> 9 | K94: ='Detailed Results'!H94 -> 9 | L94: =IFERROR(K94/J94,"") -> 1 | M94: =IFERROR(K94/F94,"") -> 1 | N94: =IFERROR(2*L94*M94/(L94+M94),"") -> 1 | O94: ='Detailed Results'!I94 -> 14 | P94: ='Detailed Results'!J94 -> 14 | Q94: =IFERROR(P94/O94,"") -> 1 | R94: =IFERROR(P94/G94,"") -> 0.93333333 | S94: =IFERROR(2*Q94*R94/(Q94+R94),"") -> 0.96551724 | T94: ='Detailed Results'!K94 -> 9 | U94: ='Detailed Results'!L94 -> 9 | V94: =IFERROR(U94/T94,"") -> 1 | W94: =IFERROR(U94/H94,"") -> 1 | X94: =IFERROR(2*V94*W94/(V94+W94),"") -> 1 | Y94: ='Detailed Results'!M94 -> 14 | Z94: ='Detailed Results'!N94 -> 12 | AA94: =IFERROR(Z94/Y94,"") -> 0.85714286 | AB94: =IFERROR(Z94/I94,"") -> 0.8 | AC94: =IFERROR(2*AA94*AB94/(AA94+AB94),"") -> 0.82758621
B95: Llama 3 | C95: T=0.6 | D95: 3 | E95: one | F95: ='GT Input'!C5 -> 9 | G95: ='GT Input'!D5 -> 15 | H95: ='GT Input'!E5 -> 9 | I95: ='GT Input'!F5 -> 15 | J95: ='Detailed Results'!G95 -> 9 | K95: ='Detailed Results'!H95 -> 9 | L95: =IFERROR(K95/J95,"") -> 1 | M95: =IFERROR(K95/F95,"") -> 1 | N95: =IFERROR(2*L95*M95/(L95+M95),"") -> 1 | O95: ='Detailed Results'!I95 -> 17 | P95: ='Detailed Results'!J95 -> 17 | Q95: =IFERROR(P95/O95,"") -> 1 | R95: =IFERROR(P95/G95,"") -> 1.1333333 | S95: =IFERROR(2*Q95*R95/(Q95+R95),"") -> 1.0625 | T95: ='Detailed Results'!K95 -> 9 | U95: ='Detailed Results'!L95 -> 9 | V95: =IFERROR(U95/T95,"") -> 1 | W95: =IFERROR(U95/H95,"") -> 1 | X95: =IFERROR(2*V95*W95/(V95+W95),"") -> 1 | Y95: ='Detailed Results'!M95 -> 17 | Z95: ='Detailed Results'!N95 -> 16 | AA95: =IFERROR(Z95/Y95,"") -> 0.94117647 | AB95: =IFERROR(Z95/I95,"") -> 1.0666667 | AC95: =IFERROR(2*AA95*AB95/(AA95+AB95),"") -> 1
B96: Mistral | C96: T=0.2 | D96: 1 | E96: zero | F96: ='GT Input'!C5 -> 9 | G96: ='GT Input'!D5 -> 15 | H96: ='GT Input'!E5 -> 9 | I96: ='GT Input'!F5 -> 15 | J96: ='Detailed Results'!G96 -> 9 | K96: ='Detailed Results'!H96 -> 9 | L96: =IFERROR(K96/J96,"") -> 1 | M96: =IFERROR(K96/F96,"") -> 1 | N96: =IFERROR(2*L96*M96/(L96+M96),"") -> 1 | O96: ='Detailed Results'!I96 -> 15 | P96: ='Detailed Results'!J96 -> 15 | Q96: =IFERROR(P96/O96,"") -> 1 | R96: =IFERROR(P96/G96,"") -> 1 | S96: =IFERROR(2*Q96*R96/(Q96+R96),"") -> 1 | T96: ='Detailed Results'!K96 -> 9 | U96: ='Detailed Results'!L96 -> 9 | V96: =IFERROR(U96/T96,"") -> 1 | W96: =IFERROR(U96/H96,"") -> 1 | X96: =IFERROR(2*V96*W96/(V96+W96),"") -> 1 | Y96: ='Detailed Results'!M96 -> 15 | Z96: ='Detailed Results'!N96 -> 14 | AA96: =IFERROR(Z96/Y96,"") -> 0.93333333 | AB96: =IFERROR(Z96/I96,"") -> 0.93333333 | AC96: =IFERROR(2*AA96*AB96/(AA96+AB96),"") -> 0.93333333
B97: Mistral | C97: T=0.2 | D97: 1 | E97: one | F97: ='GT Input'!C5 -> 9 | G97: ='GT Input'!D5 -> 15 | H97: ='GT Input'!E5 -> 9 | I97: ='GT Input'!F5 -> 15 | J97: ='Detailed Results'!G97 -> 9 | K97: ='Detailed Results'!H97 -> 9 | L97: =IFERROR(K97/J97,"") -> 1 | M97: =IFERROR(K97/F97,"") -> 1 | N97: =IFERROR(2*L97*M97/(L97+M97),"") -> 1 | O97: ='Detailed Results'!I97 -> 15 | P97: ='Detailed Results'!J97 -> 15 | Q97: =IFERROR(P97/O97,"") -> 1 | R97: =IFERROR(P97/G97,"") -> 1 | S97: =IFERROR(2*Q97*R97/(Q97+R97),"") -> 1 | T97: ='Detailed Results'!K97 -> 9 | U97: ='Detailed Results'!L97 -> 9 | V97: =IFERROR(U97/T97,"") -> 1 | W97: =IFERROR(U97/H97,"") -> 1 | X97: =IFERROR(2*V97*W97/(V97+W97),"") -> 1 | Y97: ='Detailed Results'!M97 -> 15 | Z97: ='Detailed Results'!N97 -> 14 | AA97: =IFERROR(Z97/Y97,"") -> 0.93333333 | AB97: =IFERROR(Z97/I97,"") -> 0.93333333 | AC97: =IFERROR(2*AA97*AB97/(AA97+AB97),"") -> 0.93333333
B98: Mistral | C98: T=0.2 | D98: 2 | E98: zero | F98: ='GT Input'!C5 -> 9 | G98: ='GT Input'!D5 -> 15 | H98: ='GT Input'!E5 -> 9 | I98: ='GT Input'!F5 -> 15 | J98: ='Detailed Results'!G98 -> 9 | K98: ='Detailed Results'!H98 -> 9 | L98: =IFERROR(K98/J98,"") -> 1 | M98: =IFERROR(K98/F98,"") -> 1 | N98: =IFERROR(2*L98*M98/(L98+M98),"") -> 1 | O98: ='Detailed Results'!I98 -> 16 | P98: ='Detailed Results'!J98 -> 16 | Q98: =IFERROR(P98/O98,"") -> 1 | R98: =IFERROR(P98/G98,"") -> 1.0666667 | S98: =IFERROR(2*Q98*R98/(Q98+R98),"") -> 1.0322581 | T98: ='Detailed Results'!K98 -> 9 | U98: ='Detailed Results'!L98 -> 9 | V98: =IFERROR(U98/T98,"") -> 1 | W98: =IFERROR(U98/H98,"") -> 1 | X98: =IFERROR(2*V98*W98/(V98+W98),"") -> 1 | Y98: ='Detailed Results'!M98 -> 16 | Z98: ='Detailed Results'!N98 -> 16 | AA98: =IFERROR(Z98/Y98,"") -> 1 | AB98: =IFERROR(Z98/I98,"") -> 1.0666667 | AC98: =IFERROR(2*AA98*AB98/(AA98+AB98),"") -> 1.0322581
B99: Mistral | C99: T=0.2 | D99: 2 | E99: one | F99: ='GT Input'!C5 -> 9 | G99: ='GT Input'!D5 -> 15 | H99: ='GT Input'!E5 -> 9 | I99: ='GT Input'!F5 -> 15 | J99: ='Detailed Results'!G99 -> 9 | K99: ='Detailed Results'!H99 -> 9 | L99: =IFERROR(K99/J99,"") -> 1 | M99: =IFERROR(K99/F99,"") -> 1 | N99: =IFERROR(2*L99*M99/(L99+M99),"") -> 1 | O99: ='Detailed Results'!I99 -> 15 | P99: ='Detailed Results'!J99 -> 15 | Q99: =IFERROR(P99/O99,"") -> 1 | R99: =IFERROR(P99/G99,"") -> 1 | S99: =IFERROR(2*Q99*R99/(Q99+R99),"") -> 1 | T99: ='Detailed Results'!K99 -> 9 | U99: ='Detailed Results'!L99 -> 9 | V99: =IFERROR(U99/T99,"") -> 1 | W99: =IFERROR(U99/H99,"") -> 1 | X99: =IFERROR(2*V99*W99/(V99+W99),"") -> 1 | Y99: ='Detailed Results'!M99 -> 15 | Z99: ='Detailed Results'!N99 -> 15 | AA99: =IFERROR(Z99/Y99,"") -> 1 | AB99: =IFERROR(Z99/I99,"") -> 1 | AC99: =IFERROR(2*AA99*AB99/(AA99+AB99),"") -> 1
B100: Mistral | C100: T=0.2 | D100: 3 | E100: zero | F100: ='GT Input'!C5 -> 9 | G100: ='GT Input'!D5 -> 15 | H100: ='GT Input'!E5 -> 9 | I100: ='GT Input'!F5 -> 15 | J100: ='Detailed Results'!G100 -> 9 | K100: ='Detailed Results'!H100 -> 9 | L100: =IFERROR(K100/J100,"") -> 1 | M100: =IFERROR(K100/F100,"") -> 1 | N100: =IFERROR(2*L100*M100/(L100+M100),"") -> 1 | O100: ='Detailed Results'!I100 -> 16 | P100: ='Detailed Results'!J100 -> 16 | Q100: =IFERROR(P100/O100,"") -> 1 | R100: =IFERROR(P100/G100,"") -> 1.0666667 | S100: =IFERROR(2*Q100*R100/(Q100+R100),"") -> 1.0322581 | T100: ='Detailed Results'!K100 -> 9 | U100: ='Detailed Results'!L100 -> 9 | V100: =IFERROR(U100/T100,"") -> 1 | W100: =IFERROR(U100/H100,"") -> 1 | X100: =IFERROR(2*V100*W100/(V100+W100),"") -> 1 | Y100: ='Detailed Results'!M100 -> 16 | Z100: ='Detailed Results'!N100 -> 16 | AA100: =IFERROR(Z100/Y100,"") -> 1 | AB100: =IFERROR(Z100/I100,"") -> 1.0666667 | AC100: =IFERROR(2*AA100*AB100/(AA100+AB100),"") -> 1.0322581
...

Sheet Summary (Avg per LLM)
A1: Summary — Average Metrics per Description × LLM
A2: Averages over all temperatures (0.2/0.4/0.6), iterations (1/2/3), and prompts (1/2) — 18 runs per LLM per description
C3: Syntactic DRD | F3: Syntactic DT | I3: Semantic DRD | L3: Semantic DT
A4: Source | B4: LLM | C4: Avg P | D4: Avg R | E4: Avg F1 | F4: Avg P | G4: Avg R | H4: Avg F1 | I4: Avg P | J4: Avg R | K4: Avg F1 | L4: Avg P | M4: Avg R | N4: Avg F1
A5: Description 01 | B5: Gemini | C5: =AVERAGE('GT Comparison'!L6:L23) -> 0.85101131 | D5: =AVERAGE('GT Comparison'!M6:M23) -> 0.61111111 | E5: =AVERAGE('GT Comparison'!N6:N23) -> 0.72200257 | F5: =AVERAGE('GT Comparison'!Q6:Q23) -> 1 | G5: =AVERAGE('GT Comparison'!R6:R23) -> 0.66666667 | H5: =AVERAGE('GT Comparison'!S6:S23) -> 0.8 | I5: =AVERAGE('GT Comparison'!V6:V23) -> 0.78095238 | J5: =AVERAGE('GT Comparison'!W6:W23) -> 0.5308642 | K5: =AVERAGE('GT Comparison'!X6:X23) -> 0.62797619 | L5: =AVERAGE('GT Comparison'!AA6:AA23) -> 1 | M5: =AVERAGE('GT Comparison'!AB6:AB23) -> 0.66666667 | N5: =AVERAGE('GT Comparison'!AC6:AC23) -> 0.8
B6: Llama 3 | C6: =AVERAGE('GT Comparison'!L24:L41) -> 0.8968254 | D6: =AVERAGE('GT Comparison'!M24:M41) -> 0.74691358 | E6: =AVERAGE('GT Comparison'!N24:N41) -> 0.8125 | F6: =AVERAGE('GT Comparison'!Q24:Q41) -> 0.99074074 | G6: =AVERAGE('GT Comparison'!R24:R41) -> 0.5462963 | H6: =AVERAGE('GT Comparison'!S24:S41) -> 0.66442912 | I6: =AVERAGE('GT Comparison'!V24:V41) -> 0.77777778 | J6: =AVERAGE('GT Comparison'!W24:W41) -> 0.65432099 | K6: =AVERAGE('GT Comparison'!X24:X41) -> 0.70833333 | L6: =AVERAGE('GT Comparison'!AA24:AA41) -> 1 | M6: =AVERAGE('GT Comparison'!AB24:AB41) -> 0.54938272 | N6: =AVERAGE('GT Comparison'!AC24:AC41) -> 0.66905875
B7: Mistral | C7: =AVERAGE('GT Comparison'!L42:L59) -> 0.93125701 | D7: =AVERAGE('GT Comparison'!M42:M59) -> 0.82098765 | E7: =AVERAGE('GT Comparison'!N42:N59) -> 0.86304337 | F7: =AVERAGE('GT Comparison'!Q42:Q59) -> 1 | G7: =AVERAGE('GT Comparison'!R42:R59) -> 0.75308642 | H7: =AVERAGE('GT Comparison'!S42:S59) -> 0.85095785 | I7: =AVERAGE('GT Comparison'!V42:V59) -> 0.7557199 | J7: =AVERAGE('GT Comparison'!W42:W59) -> 0.68518519 | K7: =AVERAGE('GT Comparison'!X42:X59) -> 0.71189828 | L7: =AVERAGE('GT Comparison'!AA42:AA59) -> 0.97222222 | M7: =AVERAGE('GT Comparison'!AB42:AB59) -> 0.72530864 | N7: =AVERAGE('GT Comparison'!AC42:AC59) -> 0.82318008
A8: Description 02 | B8: Gemini | C8: =AVERAGE('GT Comparison'!L60:L77) -> 1 | D8: =AVERAGE('GT Comparison'!M60:M77) -> 1 | E8: =AVERAGE('GT Comparison'!N60:N77) -> 1 | F8: =AVERAGE('GT Comparison'!Q60:Q77) -> 1 | G8: =AVERAGE('GT Comparison'!R60:R77) -> 1.2407407 | H8: =AVERAGE('GT Comparison'!S60:S77) -> 1.1062824 | I8: =AVERAGE('GT Comparison'!V60:V77) -> 1 | J8: =AVERAGE('GT Comparison'!W60:W77) -> 1 | K8: =AVERAGE('GT Comparison'!X60:X77) -> 1 | L8: =AVERAGE('GT Comparison'!AA60:AA77) -> 0.91218324 | M8: =AVERAGE('GT Comparison'!AB60:AB77) -> 1.137037 | N8: =AVERAGE('GT Comparison'!AC60:AC77) -> 1.0114288
B9: Llama 3 | C9: =AVERAGE('GT Comparison'!L78:L95) -> 1 | D9: =AVERAGE('GT Comparison'!M78:M95) -> 1 | E9: =AVERAGE('GT Comparison'!N78:N95) -> 1 | F9: =AVERAGE('GT Comparison'!Q78:Q95) -> 1 | G9: =AVERAGE('GT Comparison'!R78:R95) -> 1.0074074 | H9: =AVERAGE('GT Comparison'!S78:S95) -> 1.0029778 | I9: =AVERAGE('GT Comparison'!V78:V95) -> 1 | J9: =AVERAGE('GT Comparison'!W78:W95) -> 1 | K9: =AVERAGE('GT Comparison'!X78:X95) -> 1 | L9: =AVERAGE('GT Comparison'!AA78:AA95) -> 0.87689076 | M9: =AVERAGE('GT Comparison'!AB78:AB95) -> 0.88518519 | N9: =AVERAGE('GT Comparison'!AC78:AC95) -> 0.88041033
B10: Mistral | C10: =AVERAGE('GT Comparison'!L96:L113) -> 1 | D10: =AVERAGE('GT Comparison'!M96:M113) -> 0.99382716 | E10: =AVERAGE('GT Comparison'!N96:N113) -> 0.99673203 | F10: =AVERAGE('GT Comparison'!Q96:Q113) -> 0.99603175 | G10: =AVERAGE('GT Comparison'!R96:R113) -> 0.99259259 | H10: =AVERAGE('GT Comparison'!S96:S113) -> 0.9933993 | I10: =AVERAGE('GT Comparison'!V96:V113) -> 1 | J10: =AVERAGE('GT Comparison'!W96:W113) -> 0.99382716 | K10: =AVERAGE('GT Comparison'!X96:X113) -> 0.99673203 | L10: =AVERAGE('GT Comparison'!AA96:AA113) -> 0.93683862 | M10: =AVERAGE('GT Comparison'!AB96:AB113) -> 0.93333333 | N10: =AVERAGE('GT Comparison'!AC96:AC113) -> 0.93421832
A11: Description 03 | B11: Gemini | C11: =AVERAGE('GT Comparison'!L114:L131) -> 0.99851852 | D11: =AVERAGE('GT Comparison'!M114:M131) -> 0.86868687 | E11: =AVERAGE('GT Comparison'!N114:N131) -> 0.92798326 | F11: =AVERAGE('GT Comparison'!Q114:Q131) -> 1 | G11: =AVERAGE('GT Comparison'!R114:R131) -> 1.002924 | H11: =AVERAGE('GT Comparison'!S114:S131) -> 0.99790616 | I11: =AVERAGE('GT Comparison'!V114:V131) -> 0.83950617 | J11: =AVERAGE('GT Comparison'!W114:W131) -> 0.73737374 | K11: =AVERAGE('GT Comparison'!X114:X131) -> 0.78333333 | L11: =AVERAGE('GT Comparison'!AA114:AA131) -> 0.5631235 | M11: =AVERAGE('GT Comparison'!AB114:AB131) -> 0.59356725 | N11: =AVERAGE('GT Comparison'!AC114:AC131) -> 0.57555398
B12: Llama 3 | C12: =AVERAGE('GT Comparison'!L132:L149) -> 0.98877666 | D12: =AVERAGE('GT Comparison'!M132:M149) -> 0.77272727 | E12: =AVERAGE('GT Comparison'!N132:N149) -> 0.86564475 | F12: =AVERAGE('GT Comparison'!Q132:Q149) -> 1 | G12: =AVERAGE('GT Comparison'!R132:R149) -> 0.69298246 | H12: =AVERAGE('GT Comparison'!S132:S149) -> 0.80803129 | I12: =AVERAGE('GT Comparison'!V132:V149) -> 0.7595198 | J12: =AVERAGE('GT Comparison'!W132:W149) -> 0.5959596 | K12: =AVERAGE('GT Comparison'!X132:X149) -> 0.66637722 | L12: =AVERAGE('GT Comparison'!AA132:AA149) -> 0.56310541 | M12: =AVERAGE('GT Comparison'!AB132:AB149) -> 0.37426901 | N12: =AVERAGE('GT Comparison'!AC132:AC149) -> 0.43977768
B13: Mistral | C13: =AVERAGE('GT Comparison'!L150:L167) -> 0.96296296 | D13: =AVERAGE('GT Comparison'!M150:M167) -> 0.80808081 | E13: =AVERAGE('GT Comparison'!N150:N167) -> 0.87777778 | F13: =AVERAGE('GT Comparison'!Q150:Q167) -> 1 | G13: =AVERAGE('GT Comparison'!R150:R167) -> 0.71052632 | H13: =AVERAGE('GT Comparison'!S150:S167) -> 0.82158428 | I13: =AVERAGE('GT Comparison'!V150:V167) -> 0.7654321 | J13: =AVERAGE('GT Comparison'!W150:W167) -> 0.64646465 | K13: =AVERAGE('GT Comparison'!X150:X167) -> 0.7 | L13: =AVERAGE('GT Comparison'!AA150:AA167) -> 0.61303044 | M13: =AVERAGE('GT Comparison'!AB150:AB167) -> 0.43567251 | N13: =AVERAGE('GT Comparison'!AC150:AC167) -> 0.50140462
A14: Description 04 | B14: Gemini | C14: =AVERAGE('GT Comparison'!L168:L185) -> 1 | D14: =AVERAGE('GT Comparison'!M168:M185) -> 1 | E14: =AVERAGE('GT Comparison'!N168:N185) -> 1 | F14: =AVERAGE('GT Comparison'!Q168:Q185) -> 1 | G14: =AVERAGE('GT Comparison'!R168:R185) -> 0.62426901 | H14: =AVERAGE('GT Comparison'!S168:S185) -> 0.76329765 | I14: =AVERAGE('GT Comparison'!V168:V185) -> 1 | J14: =AVERAGE('GT Comparison'!W168:W185) -> 1 | K14: =AVERAGE('GT Comparison'!X168:X185) -> 1 | L14: =AVERAGE('GT Comparison'!AA168:AA185) -> 1 | M14: =AVERAGE('GT Comparison'!AB168:AB185) -> 0.62426901 | N14: =AVERAGE('GT Comparison'!AC168:AC185) -> 0.76329765
B15: Llama 3 | C15: =AVERAGE('GT Comparison'!L186:L203) -> 1 | D15: =AVERAGE('GT Comparison'!M186:M203) -> 1 | E15: =AVERAGE('GT Comparison'!N186:N203) -> 1 | F15: =AVERAGE('GT Comparison'!Q186:Q203) -> 1 | G15: =AVERAGE('GT Comparison'!R186:R203) -> 0.46637427 | H15: =AVERAGE('GT Comparison'!S186:S203) -> 0.63311899 | I15: =AVERAGE('GT Comparison'!V186:V203) -> 1 | J15: =AVERAGE('GT Comparison'!W186:W203) -> 1 | K15: =AVERAGE('GT Comparison'!X186:X203) -> 1 | L15: =AVERAGE('GT Comparison'!AA186:AA203) -> 0.96031746 | M15: =AVERAGE('GT Comparison'!AB186:AB203) -> 0.44444444 | N15: =AVERAGE('GT Comparison'!AC186:AC203) -> 0.6048704
B16: Mistral | C16: =AVERAGE('GT Comparison'!L204:L221) -> 1 | D16: =AVERAGE('GT Comparison'!M204:M221) -> 1 | E16: =AVERAGE('GT Comparison'!N204:N221) -> 1 | F16: =AVERAGE('GT Comparison'!Q204:Q221) -> 1 | G16: =AVERAGE('GT Comparison'!R204:R221) -> 0.44444444 | H16: =AVERAGE('GT Comparison'!S204:S221) -> 0.6119874 | I16: =AVERAGE('GT Comparison'!V204:V221) -> 1 | J16: =AVERAGE('GT Comparison'!W204:W221) -> 1 | K16: =AVERAGE('GT Comparison'!X204:X221) -> 1 | L16: =AVERAGE('GT Comparison'!AA204:AA221) -> 1 | M16: =AVERAGE('GT Comparison'!AB204:AB221) -> 0.44444444 | N16: =AVERAGE('GT Comparison'!AC204:AC221) -> 0.6119874
A17: Description 05 | B17: Gemini | C17: =AVERAGE('GT Comparison'!L222:L239) -> 1 | D17: =AVERAGE('GT Comparison'!M222:M239) -> 1 | E17: =AVERAGE('GT Comparison'!N222:N239) -> 1 | F17: =AVERAGE('GT Comparison'!Q222:Q239) -> 1 | G17: =AVERAGE('GT Comparison'!R222:R239) -> 0.77160494 | H17: =AVERAGE('GT Comparison'!S222:S239) -> 0.87083333 | I17: =AVERAGE('GT Comparison'!V222:V239) -> 1 | J17: =AVERAGE('GT Comparison'!W222:W239) -> 1 | K17: =AVERAGE('GT Comparison'!X222:X239) -> 1 | L17: =AVERAGE('GT Comparison'!AA222:AA239) -> 0.57671958 | M17: =AVERAGE('GT Comparison'!AB222:AB239) -> 0.44444444 | N17: =AVERAGE('GT Comparison'!AC222:AC239) -> 0.50185185
B18: Llama 3 | C18: =AVERAGE('GT Comparison'!L240:L257) -> 1 | D18: =AVERAGE('GT Comparison'!M240:M257) -> 1.2592593 | E18: =AVERAGE('GT Comparison'!N240:N257) -> 1.0972222 | F18: =AVERAGE('GT Comparison'!Q240:Q257) -> 1 | G18: =AVERAGE('GT Comparison'!R240:R257) -> 0.85185185 | H18: =AVERAGE('GT Comparison'!S240:S257) -> 0.91309585 | I18: =AVERAGE('GT Comparison'!V240:V257) -> 0.84444444 | J18: =AVERAGE('GT Comparison'!W240:W257) -> 1 | K18: =AVERAGE('GT Comparison'!X240:X257) -> 0.90277778 | L18: =AVERAGE('GT Comparison'!AA240:AA257) -> 0.50643739 | M18: =AVERAGE('GT Comparison'!AB240:AB257) -> 0.41975309 | N18: =AVERAGE('GT Comparison'!AC240:AC257) -> 0.45529073
B19: Mistral | C19: =AVERAGE('GT Comparison'!L258:L275) -> 1 | D19: =AVERAGE('GT Comparison'!M258:M275) -> 1.0740741 | E19: =AVERAGE('GT Comparison'!N258:N275) -> 1.0277778 | F19: =AVERAGE('GT Comparison'!Q258:Q275) -> 1 | G19: =AVERAGE('GT Comparison'!R258:R275) -> 0.91975309 | H19: =AVERAGE('GT Comparison'!S258:S275) -> 0.95039429 | I19: =AVERAGE('GT Comparison'!V258:V275) -> 0.95555556 | J19: =AVERAGE('GT Comparison'!W258:W275) -> 1 | K19: =AVERAGE('GT Comparison'!X258:X275) -> 0.97222222 | L19: =AVERAGE('GT Comparison'!AA258:AA275) -> 0.4973545 | M19: =AVERAGE('GT Comparison'!AB258:AB275) -> 0.44444444 | N19: =AVERAGE('GT Comparison'!AC258:AC275) -> 0.46649143
A20: Description 06 | B20: Gemini | C20: =AVERAGE('GT Comparison'!L276:L293) -> 1 | D20: =AVERAGE('GT Comparison'!M276:M293) -> 0.55555556 | E20: =AVERAGE('GT Comparison'!N276:N293) -> 0.71428571 | F20: =AVERAGE('GT Comparison'!Q276:Q293) -> 1 | G20: =AVERAGE('GT Comparison'!R276:R293) -> 0.61538462 | H20: =AVERAGE('GT Comparison'!S276:S293) -> 0.76190476 | I20: =AVERAGE('GT Comparison'!V276:V293) -> 0.6 | J20: =AVERAGE('GT Comparison'!W276:W293) -> 0.33333333 | K20: =AVERAGE('GT Comparison'!X276:X293) -> 0.42857143 | L20: =AVERAGE('GT Comparison'!AA276:AA293) -> 0.625 | M20: =AVERAGE('GT Comparison'!AB276:AB293) -> 0.38461538 | N20: =AVERAGE('GT Comparison'!AC276:AC293) -> 0.47619048
B21: Llama 3 | C21: =AVERAGE('GT Comparison'!L294:L311) -> 0.85555556 | D21: =AVERAGE('GT Comparison'!M294:M311) -> 0.47530864 | E21: =AVERAGE('GT Comparison'!N294:N311) -> 0.61111111 | F21: =AVERAGE('GT Comparison'!Q294:Q311) -> 1 | G21: =AVERAGE('GT Comparison'!R294:R311) -> 0.63675214 | H21: =AVERAGE('GT Comparison'!S294:S311) -> 0.77753728 | I21: =AVERAGE('GT Comparison'!V294:V311) -> 0.6 | J21: =AVERAGE('GT Comparison'!W294:W311) -> 0.33333333 | K21: =AVERAGE('GT Comparison'!X294:X311) -> 0.42857143 | L21: =AVERAGE('GT Comparison'!AA294:AA311) -> 0.60570988 | M21: =AVERAGE('GT Comparison'!AB294:AB311) -> 0.38461538 | N21: =AVERAGE('GT Comparison'!AC294:AC311) -> 0.47017797
B22: Mistral | C22: =AVERAGE('GT Comparison'!L312:L329) -> 1 | D22: =AVERAGE('GT Comparison'!M312:M329) -> 0.55555556 | E22: =AVERAGE('GT Comparison'!N312:N329) -> 0.71428571 | F22: =AVERAGE('GT Comparison'!Q312:Q329) -> 1 | G22: =AVERAGE('GT Comparison'!R312:R329) -> 0.61538462 | H22: =AVERAGE('GT Comparison'!S312:S329) -> 0.76190476 | I22: =AVERAGE('GT Comparison'!V312:V329) -> 0.6 | J22: =AVERAGE('GT Comparison'!W312:W329) -> 0.33333333 | K22: =AVERAGE('GT Comparison'!X312:X329) -> 0.42857143 | L22: =AVERAGE('GT Comparison'!AA312:AA329) -> 0.625 | M22: =AVERAGE('GT Comparison'!AB312:AB329) -> 0.38461538 | N22: =AVERAGE('GT Comparison'!AC312:AC329) -> 0.47619048
A23: Description 07 | B23: Gemini | C23: =AVERAGE('GT Comparison'!L330:L347) -> 1 | D23: =AVERAGE('GT Comparison'!M330:M347) -> 1 | E23: =AVERAGE('GT Comparison'!N330:N347) -> 1 | F23: =AVERAGE('GT Comparison'!Q330:Q347) -> 1 | G23: =AVERAGE('GT Comparison'!R330:R347) -> 0.83333333 | H23: =AVERAGE('GT Comparison'!S330:S347) -> 0.9042141 | I23: =AVERAGE('GT Comparison'!V330:V347) -> 1 | J23: =AVERAGE('GT Comparison'!W330:W347) -> 1 | K23: =AVERAGE('GT Comparison'!X330:X347) -> 1 | L23: =AVERAGE('GT Comparison'!AA330:AA347) -> 1 | M23: =AVERAGE('GT Comparison'!AB330:AB347) -> 0.83333333 | N23: =AVERAGE('GT Comparison'!AC330:AC347) -> 0.9042141
B24: Llama 3 | C24: =AVERAGE('GT Comparison'!L348:L365) -> 1 | D24: =AVERAGE('GT Comparison'!M348:M365) -> 1 | E24: =AVERAGE('GT Comparison'!N348:N365) -> 1 | F24: =AVERAGE('GT Comparison'!Q348:Q365) -> 1 | G24: =AVERAGE('GT Comparison'!R348:R365) -> 0.60802469 | H24: =AVERAGE('GT Comparison'!S348:S365) -> 0.75615764 | I24: =AVERAGE('GT Comparison'!V348:V365) -> 1 | J24: =AVERAGE('GT Comparison'!W348:W365) -> 1 | K24: =AVERAGE('GT Comparison'!X348:X365) -> 1 | L24: =AVERAGE('GT Comparison'!AA348:AA365) -> 0.81767677 | M24: =AVERAGE('GT Comparison'!AB348:AB365) -> 0.49691358 | N24: =AVERAGE('GT Comparison'!AC348:AC365) -> 0.61808976
B25: Mistral | C25: =AVERAGE('GT Comparison'!L366:L383) -> 1 | D25: =AVERAGE('GT Comparison'!M366:M383) -> 1 | E25: =AVERAGE('GT Comparison'!N366:N383) -> 1 | F25: =AVERAGE('GT Comparison'!Q366:Q383) -> 1 | G25: =AVERAGE('GT Comparison'!R366:R383) -> 0.62654321 | H25: =AVERAGE('GT Comparison'!S366:S383) -> 0.76911479 | I25: =AVERAGE('GT Comparison'!V366:V383) -> 1 | J25: =AVERAGE('GT Comparison'!W366:W383) -> 1 | K25: =AVERAGE('GT Comparison'!X366:X383) -> 1 | L25: =AVERAGE('GT Comparison'!AA366:AA383) -> 0.83821549 | M25: =AVERAGE('GT Comparison'!AB366:AB383) -> 0.52777778 | N25: =AVERAGE('GT Comparison'!AC366:AC383) -> 0.64649118
A26: Description 08 | B26: Gemini | C26: =AVERAGE('GT Comparison'!L384:L401) -> 1 | D26: =AVERAGE('GT Comparison'!M384:M401) -> 1.015873 | E26: =AVERAGE('GT Comparison'!N384:N401) -> 1.0069444 | F26: =AVERAGE('GT Comparison'!Q384:Q401) -> 1 | G26: =AVERAGE('GT Comparison'!R384:R401) -> 0.95454545 | H26: =AVERAGE('GT Comparison'!S384:S401) -> 0.97492063 | I26: =AVERAGE('GT Comparison'!V384:V401) -> 0.94797178 | J26: =AVERAGE('GT Comparison'!W384:W401) -> 0.96031746 | K26: =AVERAGE('GT Comparison'!X384:X401) -> 0.95337302 | L26: =AVERAGE('GT Comparison'!AA384:AA401) -> 0.82936508 | M26: =AVERAGE('GT Comparison'!AB384:AB401) -> 0.78787879 | N26: =AVERAGE('GT Comparison'!AC384:AC401) -> 0.80708995
B27: Llama 3 | C27: =AVERAGE('GT Comparison'!L402:L419) -> 0.87469937 | D27: =AVERAGE('GT Comparison'!M402:M419) -> 0.93650794 | E27: =AVERAGE('GT Comparison'!N402:N419) -> 0.90141093 | F27: =AVERAGE('GT Comparison'!Q402:Q419) -> 0.99494949 | G27: =AVERAGE('GT Comparison'!R402:R419) -> 0.8989899 | H27: =AVERAGE('GT Comparison'!S402:S419) -> 0.93387289 | I27: =AVERAGE('GT Comparison'!V402:V419) -> 0.73481842 | J27: =AVERAGE('GT Comparison'!W402:W419) -> 0.77777778 | K27: =AVERAGE('GT Comparison'!X402:X419) -> 0.75319665 | L27: =AVERAGE('GT Comparison'!AA402:AA419) -> 0.83232323 | M27: =AVERAGE('GT Comparison'!AB402:AB419) -> 0.73737374 | N27: =AVERAGE('GT Comparison'!AC402:AC419) -> 0.77189075
B28: Mistral | C28: =AVERAGE('GT Comparison'!L420:L437) -> 1 | D28: =AVERAGE('GT Comparison'!M420:M437) -> 1.031746 | E28: =AVERAGE('GT Comparison'!N420:N437) -> 1.0148148 | F28: =AVERAGE('GT Comparison'!Q420:Q437) -> 1 | G28: =AVERAGE('GT Comparison'!R420:R437) -> 0.92929293 | H28: =AVERAGE('GT Comparison'!S420:S437) -> 0.96212754 | I28: =AVERAGE('GT Comparison'!V420:V437) -> 0.97222222 | J28: =AVERAGE('GT Comparison'!W420:W437) -> 1 | K28: =AVERAGE('GT Comparison'!X420:X437) -> 0.98518519 | L28: =AVERAGE('GT Comparison'!AA420:AA437) -> 0.94949495 | M28: =AVERAGE('GT Comparison'!AB420:AB437) -> 0.87878788 | N28: =AVERAGE('GT Comparison'!AC420:AC437) -> 0.91162249
A29: Description 09 | B29: Gemini | C29: =AVERAGE('GT Comparison'!L438:L455) -> 1 | D29: =AVERAGE('GT Comparison'!M438:M455) -> 1 | E29: =AVERAGE('GT Comparison'!N438:N455) -> 1 | F29: =AVERAGE('GT Comparison'!Q438:Q455) -> 1 | G29: =AVERAGE('GT Comparison'!R438:R455) -> 1.037037 | H29: =AVERAGE('GT Comparison'!S438:S455) -> 1.015873 | I29: =AVERAGE('GT Comparison'!V438:V455) -> 1 | J29: =AVERAGE('GT Comparison'!W438:W455) -> 1 | K29: =AVERAGE('GT Comparison'!X438:X455) -> 1 | L29: =AVERAGE('GT Comparison'!AA438:AA455) -> 0.73726852 | M29: =AVERAGE('GT Comparison'!AB438:AB455) -> 0.75925926 | N29: =AVERAGE('GT Comparison'!AC438:AC455) -> 0.74669312
B30: Llama 3 | C30: =AVERAGE('GT Comparison'!L456:L473) -> 0.95061728 | D30: =AVERAGE('GT Comparison'!M456:M473) -> 0.95061728 | E30: =AVERAGE('GT Comparison'!N456:N473) -> 0.95061728 | F30: =AVERAGE('GT Comparison'!Q456:Q473) -> 1 | G30: =AVERAGE('GT Comparison'!R456:R473) -> 0.97685185 | H30: =AVERAGE('GT Comparison'!S456:S473) -> 0.96658312 | I30: =AVERAGE('GT Comparison'!V456:V473) -> 0.95061728 | J30: =AVERAGE('GT Comparison'!W456:W473) -> 0.95061728 | K30: =AVERAGE('GT Comparison'!X456:X473) -> 0.95061728 | L30: =AVERAGE('GT Comparison'!AA456:AA473) -> 0.71990741 | M30: =AVERAGE('GT Comparison'!AB456:AB473) -> 0.65277778 | N30: =AVERAGE('GT Comparison'!AC456:AC473) -> 0.66764133
B31: Mistral | C31: =AVERAGE('GT Comparison'!L474:L491) -> 1 | D31: =AVERAGE('GT Comparison'!M474:M491) -> 1 | E31: =AVERAGE('GT Comparison'!N474:N491) -> 1 | F31: =AVERAGE('GT Comparison'!Q474:Q491) -> 1 | G31: =AVERAGE('GT Comparison'!R474:R491) -> 1.0833333 | H31: =AVERAGE('GT Comparison'!S474:S491) -> 1.031677 | I31: =AVERAGE('GT Comparison'!V474:V491) -> 1 | J31: =AVERAGE('GT Comparison'!W474:W491) -> 1 | K31: =AVERAGE('GT Comparison'!X474:X491) -> 1 | L31: =AVERAGE('GT Comparison'!AA474:AA491) -> 0.65719697 | M31: =AVERAGE('GT Comparison'!AB474:AB491) -> 0.69444444 | N31: =AVERAGE('GT Comparison'!AC474:AC491) -> 0.66935818
A32: Description 10 | B32: Gemini | C32: =AVERAGE('GT Comparison'!L492:L509) -> 1 | D32: =AVERAGE('GT Comparison'!M492:M509) -> 1.0793651 | E32: =AVERAGE('GT Comparison'!N492:N509) -> 1.0347222 | F32: =AVERAGE('GT Comparison'!Q492:Q509) -> 1 | G32: =AVERAGE('GT Comparison'!R492:R509) -> 0.81349206 | H32: =AVERAGE('GT Comparison'!S492:S509) -> 0.89378284 | I32: =AVERAGE('GT Comparison'!V492:V509) -> 0.90740741 | J32: =AVERAGE('GT Comparison'!W492:W509) -> 0.96031746 | K32: =AVERAGE('GT Comparison'!X492:X509) -> 0.93055556 | L32: =AVERAGE('GT Comparison'!AA492:AA509) -> 0.79630439 | M32: =AVERAGE('GT Comparison'!AB492:AB509) -> 0.62698413 | N32: =AVERAGE('GT Comparison'!AC492:AC509) -> 0.69977841
B33: Llama 3 | C33: =AVERAGE('GT Comparison'!L510:L527) -> 0.98765432 | D33: =AVERAGE('GT Comparison'!M510:M527) -> 1.1587302 | E33: =AVERAGE('GT Comparison'!N510:N527) -> 1.0625 | F33: =AVERAGE('GT Comparison'!Q510:Q527) -> 1 | G33: =AVERAGE('GT Comparison'!R510:R527) -> 0.80952381 | H33: =AVERAGE('GT Comparison'!S510:S527) -> 0.8941817 | I33: =AVERAGE('GT Comparison'!V510:V527) -> 0.80864198 | J33: =AVERAGE('GT Comparison'!W510:W527) -> 0.92857143 | K33: =AVERAGE('GT Comparison'!X510:X527) -> 0.86111111 | L33: =AVERAGE('GT Comparison'!AA510:AA527) -> 0.62406112 | M33: =AVERAGE('GT Comparison'!AB510:AB527) -> 0.5 | N33: =AVERAGE('GT Comparison'!AC510:AC527) -> 0.55493511
B34: Mistral | C34: =AVERAGE('GT Comparison'!L528:L545) -> 1 | D34: =AVERAGE('GT Comparison'!M528:M545) -> 1.0079365 | E34: =AVERAGE('GT Comparison'!N528:N545) -> 1.0037037 | F34: =AVERAGE('GT Comparison'!Q528:Q545) -> 1 | G34: =AVERAGE('GT Comparison'!R528:R545) -> 0.78174603 | H34: =AVERAGE('GT Comparison'!S528:S545) -> 0.8767831 | I34: =AVERAGE('GT Comparison'!V528:V545) -> 0.98611111 | J34: =AVERAGE('GT Comparison'!W528:W545) -> 0.99206349 | K34: =AVERAGE('GT Comparison'!X528:X545) -> 0.98888889 | L34: =AVERAGE('GT Comparison'!AA528:AA545) -> 0.8599046 | M34: =AVERAGE('GT Comparison'!AB528:AB545) -> 0.67063492 | N34: =AVERAGE('GT Comparison'!AC528:AC545) -> 0.75296358
A35: Description 11 | B35: Gemini | C35: =AVERAGE('GT Comparison'!L546:L563) -> 0.74514991 | D35: =AVERAGE('GT Comparison'!M546:M563) -> 0.42592593 | E35: =AVERAGE('GT Comparison'!N546:N563) -> 0.54082492 | F35: =AVERAGE('GT Comparison'!Q546:Q563) -> 0.87037037 | G35: =AVERAGE('GT Comparison'!R546:R563) -> 0.3125 | H35: =AVERAGE('GT Comparison'!S546:S563) -> 0.45935546 | I35: =AVERAGE('GT Comparison'!V546:V563) -> 0.87213404 | J35: =AVERAGE('GT Comparison'!W546:W563) -> 0.5 | K35: =AVERAGE('GT Comparison'!X546:X563) -> 0.63425926 | L35: =AVERAGE('GT Comparison'!AA546:AA563) -> 0.51388889 | M35: =AVERAGE('GT Comparison'!AB546:AB563) -> 0.18055556 | N35: =AVERAGE('GT Comparison'!AC546:AC563) -> 0.26683502
B36: Llama 3 | C36: =AVERAGE('GT Comparison'!L564:L581) -> 0.75463425 | D36: =AVERAGE('GT Comparison'!M564:M581) -> 0.52222222 | E36: =AVERAGE('GT Comparison'!N564:N581) -> 0.61183261 | F36: =AVERAGE('GT Comparison'!Q564:Q581) -> 0.85846561 | G36: =AVERAGE('GT Comparison'!R564:R581) -> 0.40798611 | H36: =AVERAGE('GT Comparison'!S564:S581) -> 0.55167053 | I36: =AVERAGE('GT Comparison'!V564:V581) -> 0.65122532 | J36: =AVERAGE('GT Comparison'!W564:W581) -> 0.43703704 | K36: =AVERAGE('GT Comparison'!X564:X581) -> 0.51894402 | L36: =AVERAGE('GT Comparison'!AA564:AA581) -> 0.48571688 | M36: =AVERAGE('GT Comparison'!AB564:AB581) -> 0.23090278 | N36: =AVERAGE('GT Comparison'!AC564:AC581) -> 0.31224914
B37: Mistral | C37: =AVERAGE('GT Comparison'!L582:L599) -> 0.82849866 | D37: =AVERAGE('GT Comparison'!M582:M599) -> 0.64814815 | E37: =AVERAGE('GT Comparison'!N582:N599) -> 0.72502035 | F37: =AVERAGE('GT Comparison'!Q582:Q599) -> 0.94111111 | G37: =AVERAGE('GT Comparison'!R582:R599) -> 0.53645833 | H37: =AVERAGE('GT Comparison'!S582:S599) -> 0.6661679 | I37: =AVERAGE('GT Comparison'!V582:V599) -> 0.64106881 | J37: =AVERAGE('GT Comparison'!W582:W599) -> 0.50740741 | K37: =AVERAGE('GT Comparison'!X582:X599) -> 0.56481481 | L37: =AVERAGE('GT Comparison'!AA582:AA599) -> 0.61733364 | M37: =AVERAGE('GT Comparison'!AB582:AB599) -> 0.35243056 | N37: =AVERAGE('GT Comparison'!AC582:AC599) -> 0.43549103
A38: Description 12 | B38: Gemini | C38: =AVERAGE('GT Comparison'!L600:L617) -> 1 | D38: =AVERAGE('GT Comparison'!M600:M617) -> 0.76923077 | E38: =AVERAGE('GT Comparison'!N600:N617) -> 0.86742424 | F38: =AVERAGE('GT Comparison'!Q600:Q617) -> 1 | G38: =AVERAGE('GT Comparison'!R600:R617) -> 0.75 | H38: =AVERAGE('GT Comparison'!S600:S617) -> 0.85454545 | I38: =AVERAGE('GT Comparison'!V600:V617) -> 0.95454545 | J38: =AVERAGE('GT Comparison'!W600:W617) -> 0.73076923 | K38: =AVERAGE('GT Comparison'!X600:X617) -> 0.82575758 | L38: =AVERAGE('GT Comparison'!AA600:AA617) -> 1 | M38: =AVERAGE('GT Comparison'!AB600:AB617) -> 0.75 | N38: =AVERAGE('GT Comparison'!AC600:AC617) -> 0.85454545
B39: Llama 3 | C39: =AVERAGE('GT Comparison'!L618:L635) -> 0.90909091 | D39: =AVERAGE('GT Comparison'!M618:M635) -> 0.76923077 | E39: =AVERAGE('GT Comparison'!N618:N635) -> 0.83333333 | F39: =AVERAGE('GT Comparison'!Q618:Q635) -> 0.95454545 | G39: =AVERAGE('GT Comparison'!R618:R635) -> 0.55864198 | H39: =AVERAGE('GT Comparison'!S618:S635) -> 0.69786535 | I39: =AVERAGE('GT Comparison'!V618:V635) -> 0.86363636 | J39: =AVERAGE('GT Comparison'!W618:W635) -> 0.73076923 | K39: =AVERAGE('GT Comparison'!X618:X635) -> 0.79166667 | L39: =AVERAGE('GT Comparison'!AA618:AA635) -> 0.71212121 | M39: =AVERAGE('GT Comparison'!AB618:AB635) -> 0.41049383 | N39: =AVERAGE('GT Comparison'!AC618:AC635) -> 0.51395731
B40: Mistral | C40: =AVERAGE('GT Comparison'!L636:L653) -> 0.97755331 | D40: =AVERAGE('GT Comparison'!M636:M653) -> 0.79487179 | E40: =AVERAGE('GT Comparison'!N636:N653) -> 0.87542088 | F40: =AVERAGE('GT Comparison'!Q636:Q653) -> 0.97619048 | G40: =AVERAGE('GT Comparison'!R636:R653) -> 0.63580247 | H40: =AVERAGE('GT Comparison'!S636:S653) -> 0.76867816 | I40: =AVERAGE('GT Comparison'!V636:V653) -> 0.62794613 | J40: =AVERAGE('GT Comparison'!W636:W653) -> 0.50854701 | K40: =AVERAGE('GT Comparison'!X636:X653) -> 0.56102694 | L40: =AVERAGE('GT Comparison'!AA636:AA653) -> 0.78354978 | M40: =AVERAGE('GT Comparison'!AB636:AB653) -> 0.50308642 | N40: =AVERAGE('GT Comparison'!AC636:AC653) -> 0.61192529
A41: Description 13 | B41: Gemini | C41: =AVERAGE('GT Comparison'!L654:L671) -> 1 | D41: =AVERAGE('GT Comparison'!M654:M671) -> 0.71428571 | E41: =AVERAGE('GT Comparison'!N654:N671) -> 0.83333333 | F41: =AVERAGE('GT Comparison'!Q654:Q671) -> 1 | G41: =AVERAGE('GT Comparison'!R654:R671) -> 0.65277778 | H41: =AVERAGE('GT Comparison'!S654:S671) -> 0.78831818 | I41: =AVERAGE('GT Comparison'!V654:V671) -> 0.6 | J41: =AVERAGE('GT Comparison'!W654:W671) -> 0.42857143 | K41: =AVERAGE('GT Comparison'!X654:X671) -> 0.5 | L41: =AVERAGE('GT Comparison'!AA654:AA671) -> 0.88911336 | M41: =AVERAGE('GT Comparison'!AB654:AB671) -> 0.57986111 | N41: =AVERAGE('GT Comparison'!AC654:AC671) -> 0.70053634
B42: Llama 3 | C42: =AVERAGE('GT Comparison'!L672:L689) -> 0.94074074 | D42: =AVERAGE('GT Comparison'!M672:M689) -> 0.57142857 | E42: =AVERAGE('GT Comparison'!N672:N689) -> 0.69191919 | F42: =AVERAGE('GT Comparison'!Q672:Q689) -> 0.81743827 | G42: =AVERAGE('GT Comparison'!R672:R689) -> 0.40277778 | H42: =AVERAGE('GT Comparison'!S672:S689) -> 0.53281914 | I42: =AVERAGE('GT Comparison'!V672:V689) -> 0.12645503 | J42: =AVERAGE('GT Comparison'!W672:W689) -> 0.071428571 | K42: =AVERAGE('GT Comparison'!X672:X689) -> 0.17883598 | L42: =AVERAGE('GT Comparison'!AA672:AA689) -> 0.36126543 | M42: =AVERAGE('GT Comparison'!AB672:AB689) -> 0.17013889 | N42: =AVERAGE('GT Comparison'!AC672:AC689) -> 0.22721243
B43: Mistral | C43: =AVERAGE('GT Comparison'!L690:L707) -> 1 | D43: =AVERAGE('GT Comparison'!M690:M707) -> 0.65079365 | E43: =AVERAGE('GT Comparison'!N690:N707) -> 0.78148148 | F43: =AVERAGE('GT Comparison'!Q690:Q707) -> 1 | G43: =AVERAGE('GT Comparison'!R690:R707) -> 0.63541667 | H43: =AVERAGE('GT Comparison'!S690:S707) -> 0.77228196 | I43: =AVERAGE('GT Comparison'!V690:V707) -> 0.8 | J43: =AVERAGE('GT Comparison'!W690:W707) -> 0.50793651 | K43: =AVERAGE('GT Comparison'!X690:X707) -> 0.61481481 | L43: =AVERAGE('GT Comparison'!AA690:AA707) -> 0.55112233 | M43: =AVERAGE('GT Comparison'!AB690:AB707) -> 0.35416667 | N43: =AVERAGE('GT Comparison'!AC690:AC707) -> 0.42831541
A44: Description 14 | B44: Gemini | C44: =AVERAGE('GT Comparison'!L708:L725) -> 1 | D44: =AVERAGE('GT Comparison'!M708:M725) -> 0.80246914 | E44: =AVERAGE('GT Comparison'!N708:N725) -> 0.88888889 | F44: =AVERAGE('GT Comparison'!Q708:Q725) -> 1 | G44: =AVERAGE('GT Comparison'!R708:R725) -> 0.69166667 | H44: =AVERAGE('GT Comparison'!S708:S725) -> 0.81205346 | I44: =AVERAGE('GT Comparison'!V708:V725) -> 0.74603175 | J44: =AVERAGE('GT Comparison'!W708:W725) -> 0.60493827 | K44: =AVERAGE('GT Comparison'!X708:X725) -> 0.66666667 | L44: =AVERAGE('GT Comparison'!AA708:AA725) -> 0.52350427 | M44: =AVERAGE('GT Comparison'!AB708:AB725) -> 0.38333333 | N44: =AVERAGE('GT Comparison'!AC708:AC725) -> 0.43768477
B45: Llama 3 | C45: =AVERAGE('GT Comparison'!L726:L743) -> 0.92857143 | D45: =AVERAGE('GT Comparison'!M726:M743) -> 0.72222222 | E45: =AVERAGE('GT Comparison'!N726:N743) -> 0.8125 | F45: =AVERAGE('GT Comparison'!Q726:Q743) -> 1 | G45: =AVERAGE('GT Comparison'!R726:R743) -> 0.63055556 | H45: =AVERAGE('GT Comparison'!S726:S743) -> 0.77288859 | I45: =AVERAGE('GT Comparison'!V726:V743) -> 0.69047619 | J45: =AVERAGE('GT Comparison'!W726:W743) -> 0.53703704 | K45: =AVERAGE('GT Comparison'!X726:X743) -> 0.60416667 | L45: =AVERAGE('GT Comparison'!AA726:AA743) -> 0.47718948 | M45: =AVERAGE('GT Comparison'!AB726:AB743) -> 0.3 | N45: =AVERAGE('GT Comparison'!AC726:AC743) -> 0.36813342
B46: Mistral | C46: =AVERAGE('GT Comparison'!L744:L761) -> 1 | D46: =AVERAGE('GT Comparison'!M744:M761) -> 0.88888889 | E46: =AVERAGE('GT Comparison'!N744:N761) -> 0.9375 | F46: =AVERAGE('GT Comparison'!Q744:Q761) -> 1 | G46: =AVERAGE('GT Comparison'!R744:R761) -> 0.55555556 | H46: =AVERAGE('GT Comparison'!S744:S761) -> 0.70177503 | I46: =AVERAGE('GT Comparison'!V744:V761) -> 0.85714286 | J46: =AVERAGE('GT Comparison'!W744:W761) -> 0.77777778 | K46: =AVERAGE('GT Comparison'!X744:X761) -> 0.8125 | L46: =AVERAGE('GT Comparison'!AA744:AA761) -> 0.76705517 | M46: =AVERAGE('GT Comparison'!AB744:AB761) -> 0.42222222 | N46: =AVERAGE('GT Comparison'!AC744:AC761) -> 0.53250708
A47: averages F1 per DRD, DT | C47: =AVERAGE(C5:C46) -> 0.96147899 | D47: =AVERAGE(D5:D46) -> 0.85720432 | E47: =AVERAGE(E5:E46) -> 0.89534664 | F47: =AVERAGE(F5:F46) -> 0.98571055 | G47: =AVERAGE(G5:G46) -> 0.73052129 | H47: =AVERAGE(H5:H46) -> 0.820175 | I47: =AVERAGE(I5:I46) -> 0.83374667 | J47: =AVERAGE(J5:J46) -> 0.75609238 | ... N47: =AVERAGE(N5:N46) -> 0.61670337
A49: NOTE: Fill using AVERAGEIFS from 'GT Comparison' filtering by description + LLM. Avg ΔF1 = Avg F1 (predicted) − GT F1.
A50: overall averages per model | C50: Syntactic DRD | F50: Syntactic DT | I50: Semantic DRD | L50: Semantic DT | R50: Avg P | S50: Avg R | T50: Avg F1
B51: Gemini | C51: =AVERAGEIFS('GT Comparison'!L:L,'GT Comparison'!B:B,"Gemini") -> 0.97104855 | D51: =AVERAGEIFS('GT Comparison'!M:M,'GT Comparison'!B:B,"Gemini") -> 0.84589308 | E51: =AVERAGEIFS('GT Comparison'!N:N,'GT Comparison'!B:B,"Gemini") -> 0.89545783 | F51: =AVERAGEIFS('GT Comparison'!Q:Q,'GT Comparison'!B:B,"Gemini") -> 0.99074074 | G51: =AVERAGEIFS('GT Comparison'!R:R,'GT Comparison'!B:B,"Gemini") -> 0.78335302 | H51: =AVERAGEIFS('GT Comparison'!S:S,'GT Comparison'!B:B,"Gemini") -> 0.85737768 | I51: =AVERAGEIFS('GT Comparison'!V:V,'GT Comparison'!B:B,"Gemini") -> 0.87489636 | J51: =AVERAGEIFS('GT Comparison'!W:W,'GT Comparison'!B:B,"Gemini") -> 0.77046322 | K51: =AVERAGEIFS('GT Comparison'!X:X,'GT Comparison'!B:B,"Gemini") -> 0.8107495 | L51: =AVERAGEIFS('GT Comparison'!AA:AA,'GT Comparison'!B:B,"Gemini") -> 0.78331934 | M51: =AVERAGEIFS('GT Comparison'!AB:AB,'GT Comparison'!B:B,"Gemini") -> 0.62512895 | N51: =AVERAGEIFS('GT Comparison'!AC:AC,'GT Comparison'!B:B,"Gemini") -> 0.68183571 | O51: =AVERAGE(E51,H51,K51,N51) -> 0.81135518 | Q51: Syn DRD | R51: =AVERAGE(C51:C53) -> 0.96147899 | S51: =AVERAGE(D51:D53) -> 0.85720432 | T51: =AVERAGE(E51:E53) -> 0.89534664
B52: Llama 3 | C52: =AVERAGEIFS('GT Comparison'!L:L,'GT Comparison'!B:B,"Llama 3") -> 0.93479757 | D52: =AVERAGEIFS('GT Comparison'!M:M,'GT Comparison'!B:B,"Llama 3") -> 0.84894057 | E52: =AVERAGEIFS('GT Comparison'!N:N,'GT Comparison'!B:B,"Llama 3") -> 0.87504225 | F52: =AVERAGEIFS('GT Comparison'!Q:Q,'GT Comparison'!B:B,"Llama 3") -> 0.9725814 | G52: =AVERAGEIFS('GT Comparison'!R:R,'GT Comparison'!B:B,"Llama 3") -> 0.67821543 | H52: =AVERAGEIFS('GT Comparison'!S:S,'GT Comparison'!B:B,"Llama 3") -> 0.77894495 | I52: =AVERAGEIFS('GT Comparison'!V:V,'GT Comparison'!B:B,"Llama 3") -> 0.77197233 | J52: =AVERAGEIFS('GT Comparison'!W:W,'GT Comparison'!B:B,"Llama 3") -> 0.71548945 | K52: =AVERAGEIFS('GT Comparison'!X:X,'GT Comparison'!B:B,"Llama 3") -> 0.76112446 | L52: =AVERAGEIFS('GT Comparison'!AA:AA,'GT Comparison'!B:B,"Llama 3") -> 0.68162303 | M52: =AVERAGEIFS('GT Comparison'!AB:AB,'GT Comparison'!B:B,"Llama 3") -> 0.4683036 | N52: =AVERAGEIFS('GT Comparison'!AC:AC,'GT Comparison'!B:B,"Llama 3") -> 0.53954965 | O52: =AVERAGE(E52,H52,K52,N52) -> 0.73866533 | Q52: Syn DT | R52: =AVERAGE(F51:F53) -> 0.98571055 | S52: =AVERAGE(G51:G53) -> 0.73052129 | T52: =AVERAGE(H51:H53) -> 0.820175
B53: Mistral | C53: =AVERAGEIFS('GT Comparison'!L:L,'GT Comparison'!B:B,"Mistral") -> 0.97859085 | D53: =AVERAGEIFS('GT Comparison'!M:M,'GT Comparison'!B:B,"Mistral") -> 0.87677931 | E53: =AVERAGEIFS('GT Comparison'!N:N,'GT Comparison'!B:B,"Mistral") -> 0.91553985 | F53: =AVERAGEIFS('GT Comparison'!Q:Q,'GT Comparison'!B:B,"Mistral") -> 0.99380952 | G53: =AVERAGEIFS('GT Comparison'!R:R,'GT Comparison'!B:B,"Mistral") -> 0.72999543 | H53: =AVERAGEIFS('GT Comparison'!S:S,'GT Comparison'!B:B,"Mistral") -> 0.82420238 | I53: =AVERAGEIFS('GT Comparison'!V:V,'GT Comparison'!B:B,"Mistral") -> 0.85437133 | J53: =AVERAGEIFS('GT Comparison'!W:W,'GT Comparison'!B:B,"Mistral") -> 0.78232447 | K53: =AVERAGEIFS('GT Comparison'!X:X,'GT Comparison'!B:B,"Mistral") -> 0.80976104 | L53: =AVERAGEIFS('GT Comparison'!AA:AA,'GT Comparison'!B:B,"Mistral") -> 0.76202277 | M53: =AVERAGEIFS('GT Comparison'!AB:AB,'GT Comparison'!B:B,"Mistral") -> 0.55509783 | N53: =AVERAGEIFS('GT Comparison'!AC:AC,'GT Comparison'!B:B,"Mistral") -> 0.62872475 | O53: =AVERAGE(E53,H53,K53,N53) -> 0.79455701 | Q53: Sem DRD | R53: =AVERAGE(I51:I53) -> 0.83374667 | S53: =AVERAGE(J51:J53) -> 0.75609238 | T53: =AVERAGE(K51:K53) -> 0.79387833
E54: =AVERAGE(E51:E53) -> 0.89534664 | H54: =AVERAGE(H51:H53) -> 0.820175 | K54: =AVERAGE(K51:K53) -> 0.79387833 | N54: =AVERAGE(N51:N53) -> 0.61670337 | Q54: Sem DT | R54: =AVERAGE(L51:L53) -> 0.74232171 | S54: =AVERAGE(M51:M53) -> 0.54951013 | T54: =AVERAGE(N51:N53) -> 0.61670337
A57: Temperature × Model breakdown — model division only (avg over all descriptions, iterations, prompts) | Q57: Model | R57: Avg P | S57: Avg R | T57: Avg F1
Q58: Gemini | R58: =C51 -> 0.97104855 | S58: =D51 -> 0.84589308 | T58: =E51 -> 0.89545783
A59: Temperature | B59: Model | C59: Syn DRD F1 | D59: Syn DT F1 | E59: Sem DRD F1 | F59: Sem DT F1 | G59: Overall Avg F1 | Q59: Llama 3 | R59: =C52 -> 0.93479757 | S59: =D52 -> 0.84894057 | T59: =E52 -> 0.87504225
A60: T=0.2 | B60: Gemini | C60: =AVERAGEIFS('GT Comparison'!N:N,'GT Comparison'!B:B,"Gemini",'GT Comparison'!C:C,"T=0.2") -> 0.9032901 | D60: =AVERAGEIFS('GT Comparison'!S:S,'GT Comparison'!B:B,"Gemini",'GT Comparison'!C:C,"T=0.2") -> 0.85185198 | E60: =AVERAGEIFS('GT Comparison'!X:X,'GT Comparison'!B:B,"Gemini",'GT Comparison'!C:C,"T=0.2") -> 0.80497578 | F60: =AVERAGEIFS('GT Comparison'!AC:AC,'GT Comparison'!B:B,"Gemini",'GT Comparison'!C:C,"T=0.2") -> 0.65144806 | G60: =AVERAGE(C60:F60) -> 0.80289148 | Q60: Mistral | R60: =C53 -> 0.97859085 | S60: =D53 -> 0.87677931 | T60: =E53 -> 0.91553985
A61: T=0.2 | B61: Llama 3 | C61: =AVERAGEIFS('GT Comparison'!N:N,'GT Comparison'!B:B,"Llama 3",'GT Comparison'!C:C,"T=0.2") -> 0.89400544 | D61: =AVERAGEIFS('GT Comparison'!S:S,'GT Comparison'!B:B,"Llama 3",'GT Comparison'!C:C,"T=0.2") -> 0.78465781 | E61: =AVERAGEIFS('GT Comparison'!X:X,'GT Comparison'!B:B,"Llama 3",'GT Comparison'!C:C,"T=0.2") -> 0.78664934 | F61: =AVERAGEIFS('GT Comparison'!AC:AC,'GT Comparison'!B:B,"Llama 3",'GT Comparison'!C:C,"T=0.2") -> 0.54534958 | G61: =AVERAGE(C61:F61) -> 0.75266554
A62: T=0.2 | B62: Mistral | C62: =AVERAGEIFS('GT Comparison'!N:N,'GT Comparison'!B:B,"Mistral",'GT Comparison'!C:C,"T=0.2") -> 0.90884539 | D62: =AVERAGEIFS('GT Comparison'!S:S,'GT Comparison'!B:B,"Mistral",'GT Comparison'!C:C,"T=0.2") -> 0.80769026 | E62: =AVERAGEIFS('GT Comparison'!X:X,'GT Comparison'!B:B,"Mistral",'GT Comparison'!C:C,"T=0.2") -> 0.81654549 | F62: =AVERAGEIFS('GT Comparison'!AC:AC,'GT Comparison'!B:B,"Mistral",'GT Comparison'!C:C,"T=0.2") -> 0.61695637 | G62: =AVERAGE(C62:F62) -> 0.78750938 | Q62: Model | R62: Avg P | S62: Avg R | T62: Avg F1
A63: T=0.4 | B63: Gemini | C63: =AVERAGEIFS('GT Comparison'!N:N,'GT Comparison'!B:B,"Gemini",'GT Comparison'!C:C,"T=0.4") -> 0.89299758 | D63: =AVERAGEIFS('GT Comparison'!S:S,'GT Comparison'!B:B,"Gemini",'GT Comparison'!C:C,"T=0.4") -> 0.85661951 | E63: =AVERAGEIFS('GT Comparison'!X:X,'GT Comparison'!B:B,"Gemini",'GT Comparison'!C:C,"T=0.4") -> 0.81041538 | F63: =AVERAGEIFS('GT Comparison'!AC:AC,'GT Comparison'!B:B,"Gemini",'GT Comparison'!C:C,"T=0.4") -> 0.6894004 | G63: =AVERAGE(C63:F63) -> 0.81235822 | Q63: Gemini | R63: =F51 -> 0.99074074 | S63: =G51 -> 0.78335302 | T63: =H51 -> 0.85737768
A64: T=0.4 | B64: Llama 3 | C64: =AVERAGEIFS('GT Comparison'!N:N,'GT Comparison'!B:B,"Llama 3",'GT Comparison'!C:C,"T=0.4") -> 0.87530624 | D64: =AVERAGEIFS('GT Comparison'!S:S,'GT Comparison'!B:B,"Llama 3",'GT Comparison'!C:C,"T=0.4") -> 0.7756241 | E64: =AVERAGEIFS('GT Comparison'!X:X,'GT Comparison'!B:B,"Llama 3",'GT Comparison'!C:C,"T=0.4") -> 0.73716871 | F64: =AVERAGEIFS('GT Comparison'!AC:AC,'GT Comparison'!B:B,"Llama 3",'GT Comparison'!C:C,"T=0.4") -> 0.54460337 | G64: =AVERAGE(C64:F64) -> 0.73317561 | Q64: Llama 3 | R64: =F52 -> 0.9725814 | S64: =G52 -> 0.67821543 | T64: =H52 -> 0.77894495
A65: T=0.4 | B65: Mistral | C65: =AVERAGEIFS('GT Comparison'!N:N,'GT Comparison'!B:B,"Mistral",'GT Comparison'!C:C,"T=0.4") -> 0.91892 | D65: =AVERAGEIFS('GT Comparison'!S:S,'GT Comparison'!B:B,"Mistral",'GT Comparison'!C:C,"T=0.4") -> 0.82245992 | E65: =AVERAGEIFS('GT Comparison'!X:X,'GT Comparison'!B:B,"Mistral",'GT Comparison'!C:C,"T=0.4") -> 0.80768069 | F65: =AVERAGEIFS('GT Comparison'!AC:AC,'GT Comparison'!B:B,"Mistral",'GT Comparison'!C:C,"T=0.4") -> 0.6342266 | G65: =AVERAGE(C65:F65) -> 0.7958218 | Q65: Mistral | R65: =F53 -> 0.99380952 | S65: =G53 -> 0.72999543 | T65: =H53 -> 0.82420238
A66: T=0.6 | B66: Gemini | C66: =AVERAGEIFS('GT Comparison'!N:N,'GT Comparison'!B:B,"Gemini",'GT Comparison'!C:C,"T=0.6") -> 0.89008581 | D66: =AVERAGEIFS('GT Comparison'!S:S,'GT Comparison'!B:B,"Gemini",'GT Comparison'!C:C,"T=0.6") -> 0.86366153 | E66: =AVERAGEIFS('GT Comparison'!X:X,'GT Comparison'!B:B,"Gemini",'GT Comparison'!C:C,"T=0.6") -> 0.81685735 | F66: =AVERAGEIFS('GT Comparison'!AC:AC,'GT Comparison'!B:B,"Gemini",'GT Comparison'!C:C,"T=0.6") -> 0.70465868 | G66: =AVERAGE(C66:F66) -> 0.81881584
A67: T=0.6 | B67: Llama 3 | C67: =AVERAGEIFS('GT Comparison'!N:N,'GT Comparison'!B:B,"Llama 3",'GT Comparison'!C:C,"T=0.6") -> 0.85581506 | D67: =AVERAGEIFS('GT Comparison'!S:S,'GT Comparison'!B:B,"Llama 3",'GT Comparison'!C:C,"T=0.6") -> 0.77655295 | E67: =AVERAGEIFS('GT Comparison'!X:X,'GT Comparison'!B:B,"Llama 3",'GT Comparison'!C:C,"T=0.6") -> 0.76016618 | F67: =AVERAGEIFS('GT Comparison'!AC:AC,'GT Comparison'!B:B,"Llama 3",'GT Comparison'!C:C,"T=0.6") -> 0.528696 | G67: =AVERAGE(C67:F67) -> 0.73030755 | Q67: Model | R67: Avg P | S67: Avg R | T67: Avg F1
A68: T=0.6 | B68: Mistral | C68: =AVERAGEIFS('GT Comparison'!N:N,'GT Comparison'!B:B,"Mistral",'GT Comparison'!C:C,"T=0.6") -> 0.91885416 | D68: =AVERAGEIFS('GT Comparison'!S:S,'GT Comparison'!B:B,"Mistral",'GT Comparison'!C:C,"T=0.6") -> 0.84245698 | E68: =AVERAGEIFS('GT Comparison'!X:X,'GT Comparison'!B:B,"Mistral",'GT Comparison'!C:C,"T=0.6") -> 0.80505695 | F68: =AVERAGEIFS('GT Comparison'!AC:AC,'GT Comparison'!B:B,"Mistral",'GT Comparison'!C:C,"T=0.6") -> 0.63499129 | G68: =AVERAGE(C68:F68) -> 0.80033985 | Q68: Gemini | R68: =I51 -> 0.87489636 | S68: =J51 -> 0.77046322 | T68: =K51 -> 0.8107495
Q69: Llama 3 | R69: =I52 -> 0.77197233 | S69: =J52 -> 0.71548945 | T69: =K52 -> 0.76112446
Q70: Mistral | R70: =I53 -> 0.85437133 | S70: =J53 -> 0.78232447 | T70: =K53 -> 0.80976104
Q72: Model | R72: Avg P | S72: Avg R | T72: Avg F1
Q73: Gemini | R73: =L51 -> 0.78331934 | S73: =M51 -> 0.62512895 | T73: =N51 -> 0.68183571
Q74: Llama 3 | R74: =L52 -> 0.68162303 | S74: =M52 -> 0.4683036 | T74: =N52 -> 0.53954965
Q75: Mistral | R75: =L53 -> 0.76202277 | S75: =M53 -> 0.55509783 | T75: =N53 -> 0.62872475

Sheet Analysis
A1: SQ5 — Iterations | Filter: model + prompt + iteration (avg over all temps & descriptions)
A2: Replace [col] placeholders with actual column letters from your GT Comparison sheet.
A3: Model | B3: Prompt | C3: Iter | D3: Syn DRD | G3: Syn DT | J3: Sem DRD | M3: Sem DT
D4: P | E4: R | F4: F1 | G4: P | H4: R | I4: F1 | J4: P | K4: R | L4: F1 | M4: P | N4: R | O4: F1
A5: Gemini | B5: One-shot | C5: 1 | D5: =AVERAGEIFS('GT Comparison'!L:L,'GT Comparison'!B:B,"Gemini",'GT Comparison'!E:E,"one",'GT Comparison'!D:D,1) -> 0.97845805 | E5: =AVERAGEIFS('GT Comparison'!M:M,'GT Comparison'!B:B,"Gemini",'GT Comparison'!E:E,"one",'GT Comparison'!D:D,1) -> 0.86318073 | F5: =AVERAGEIFS('GT Comparison'!N:N,'GT Comparison'!B:B,"Gemini",'GT Comparison'!E:E,"one",'GT Comparison'!D:D,1) -> 0.90722531 | G5: =AVERAGEIFS('GT Comparison'!Q:Q,'GT Comparison'!B:B,"Gemini",'GT Comparison'!E:E,"one",'GT Comparison'!D:D,1) -> 0.99603175 | H5: =AVERAGEIFS('GT Comparison'!R:R,'GT Comparison'!B:B,"Gemini",'GT Comparison'!E:E,"one",'GT Comparison'!D:D,1) -> 0.80399103 | I5: =AVERAGEIFS('GT Comparison'!S:S,'GT Comparison'!B:B,"Gemini",'GT Comparison'!E:E,"one",'GT Comparison'!D:D,1) -> 0.86871941 | J5: =AVERAGEIFS('GT Comparison'!V:V,'GT Comparison'!B:B,"Gemini",'GT Comparison'!E:E,"one",'GT Comparison'!D:D,1) -> 0.85326737 | K5: =AVERAGEIFS('GT Comparison'!W:W,'GT Comparison'!B:B,"Gemini",'GT Comparison'!E:E,"one",'GT Comparison'!D:D,1) -> 0.77000354 | L5: =AVERAGEIFS('GT Comparison'!X:X,'GT Comparison'!B:B,"Gemini",'GT Comparison'!E:E,"one",'GT Comparison'!D:D,1) -> 0.80106679 | M5: =AVERAGEIFS('GT Comparison'!AA:AA,'GT Comparison'!B:B,"Gemini",'GT Comparison'!E:E,"one",'GT Comparison'!D:D,1) -> 0.83110677 | N5: =AVERAGEIFS('GT Comparison'!AB:AB,'GT Comparison'!B:B,"Gemini",'GT Comparison'!E:E,"one",'GT Comparison'!D:D,1) -> 0.67221739 | O5: =AVERAGEIFS('GT Comparison'!AC:AC,'GT Comparison'!B:B,"Gemini",'GT Comparison'!E:E,"one",'GT Comparison'!D:D,1) -> 0.72624488
C6: 2 | D6: =AVERAGEIFS('GT Comparison'!L:L,'GT Comparison'!B:B,"Gemini",'GT Comparison'!E:E,"one",'GT Comparison'!D:D,2) -> 0.98064266 | E6: =AVERAGEIFS('GT Comparison'!M:M,'GT Comparison'!B:B,"Gemini",'GT Comparison'!E:E,"one",'GT Comparison'!D:D,2) -> 0.85200831 | F6: =AVERAGEIFS('GT Comparison'!N:N,'GT Comparison'!B:B,"Gemini",'GT Comparison'!E:E,"one",'GT Comparison'!D:D,2) -> 0.90695808 | G6: =AVERAGEIFS('GT Comparison'!Q:Q,'GT Comparison'!B:B,"Gemini",'GT Comparison'!E:E,"one",'GT Comparison'!D:D,2) -> 0.99603175 | H6: =AVERAGEIFS('GT Comparison'!R:R,'GT Comparison'!B:B,"Gemini",'GT Comparison'!E:E,"one",'GT Comparison'!D:D,2) -> 0.8119819 | I6: =AVERAGEIFS('GT Comparison'!S:S,'GT Comparison'!B:B,"Gemini",'GT Comparison'!E:E,"one",'GT Comparison'!D:D,2) -> 0.8747765 | J6: =AVERAGEIFS('GT Comparison'!V:V,'GT Comparison'!B:B,"Gemini",'GT Comparison'!E:E,"one",'GT Comparison'!D:D,2) -> 0.84687006 | K6: =AVERAGEIFS('GT Comparison'!W:W,'GT Comparison'!B:B,"Gemini",'GT Comparison'!E:E,"one",'GT Comparison'!D:D,2) -> 0.75788603 | L6: =AVERAGEIFS('GT Comparison'!X:X,'GT Comparison'!B:B,"Gemini",'GT Comparison'!E:E,"one",'GT Comparison'!D:D,2) -> 0.79222325 | M6: =AVERAGEIFS('GT Comparison'!AA:AA,'GT Comparison'!B:B,"Gemini",'GT Comparison'!E:E,"one",'GT Comparison'!D:D,2) -> 0.83074031 | N6: =AVERAGEIFS('GT Comparison'!AB:AB,'GT Comparison'!B:B,"Gemini",'GT Comparison'!E:E,"one",'GT Comparison'!D:D,2) -> 0.68212305 | O6: =AVERAGEIFS('GT Comparison'!AC:AC,'GT Comparison'!B:B,"Gemini",'GT Comparison'!E:E,"one",'GT Comparison'!D:D,2) -> 0.73263995
C7: 3 | D7: =AVERAGEIFS('GT Comparison'!L:L,'GT Comparison'!B:B,"Gemini",'GT Comparison'!E:E,"one",'GT Comparison'!D:D,3) -> 0.95502646 | E7: =AVERAGEIFS('GT Comparison'!M:M,'GT Comparison'!B:B,"Gemini",'GT Comparison'!E:E,"one",'GT Comparison'!D:D,3) -> 0.83203939 | F7: =AVERAGEIFS('GT Comparison'!N:N,'GT Comparison'!B:B,"Gemini",'GT Comparison'!E:E,"one",'GT Comparison'!D:D,3) -> 0.8807617 | G7: =AVERAGEIFS('GT Comparison'!Q:Q,'GT Comparison'!B:B,"Gemini",'GT Comparison'!E:E,"one",'GT Comparison'!D:D,3) -> 0.98809524 | H7: =AVERAGEIFS('GT Comparison'!R:R,'GT Comparison'!B:B,"Gemini",'GT Comparison'!E:E,"one",'GT Comparison'!D:D,3) -> 0.79284068 | I7: =AVERAGEIFS('GT Comparison'!S:S,'GT Comparison'!B:B,"Gemini",'GT Comparison'!E:E,"one",'GT Comparison'!D:D,3) -> 0.86173149 | J7: =AVERAGEIFS('GT Comparison'!V:V,'GT Comparison'!B:B,"Gemini",'GT Comparison'!E:E,"one",'GT Comparison'!D:D,3) -> 0.84941249 | K7: =AVERAGEIFS('GT Comparison'!W:W,'GT Comparison'!B:B,"Gemini",'GT Comparison'!E:E,"one",'GT Comparison'!D:D,3) -> 0.75571783 | L7: =AVERAGEIFS('GT Comparison'!X:X,'GT Comparison'!B:B,"Gemini",'GT Comparison'!E:E,"one",'GT Comparison'!D:D,3) -> 0.79238301 | M7: =AVERAGEIFS('GT Comparison'!AA:AA,'GT Comparison'!B:B,"Gemini",'GT Comparison'!E:E,"one",'GT Comparison'!D:D,3) -> 0.81450888 | N7: =AVERAGEIFS('GT Comparison'!AB:AB,'GT Comparison'!B:B,"Gemini",'GT Comparison'!E:E,"one",'GT Comparison'!D:D,3) -> 0.67378426 | O7: =AVERAGEIFS('GT Comparison'!AC:AC,'GT Comparison'!B:B,"Gemini",'GT Comparison'!E:E,"one",'GT Comparison'!D:D,3) -> 0.72347337
B8: Zero-shot | C8: 1 | D8: =AVERAGEIFS('GT Comparison'!L:L,'GT Comparison'!B:B,"Gemini",'GT Comparison'!E:E,"zero",'GT Comparison'!D:D,1) -> 0.97460317 | E8: =AVERAGEIFS('GT Comparison'!M:M,'GT Comparison'!B:B,"Gemini",'GT Comparison'!E:E,"zero",'GT Comparison'!D:D,1) -> 0.83926021 | F8: =AVERAGEIFS('GT Comparison'!N:N,'GT Comparison'!B:B,"Gemini",'GT Comparison'!E:E,"zero",'GT Comparison'!D:D,1) -> 0.8922851 | G8: =AVERAGEIFS('GT Comparison'!Q:Q,'GT Comparison'!B:B,"Gemini",'GT Comparison'!E:E,"zero",'GT Comparison'!D:D,1) -> 0.98809524 | H8: =AVERAGEIFS('GT Comparison'!R:R,'GT Comparison'!B:B,"Gemini",'GT Comparison'!E:E,"zero",'GT Comparison'!D:D,1) -> 0.75750744 | I8: =AVERAGEIFS('GT Comparison'!S:S,'GT Comparison'!B:B,"Gemini",'GT Comparison'!E:E,"zero",'GT Comparison'!D:D,1) -> 0.84316604 | J8: =AVERAGEIFS('GT Comparison'!V:V,'GT Comparison'!B:B,"Gemini",'GT Comparison'!E:E,"zero",'GT Comparison'!D:D,1) -> 0.90415722 | K8: =AVERAGEIFS('GT Comparison'!W:W,'GT Comparison'!B:B,"Gemini",'GT Comparison'!E:E,"zero",'GT Comparison'!D:D,1) -> 0.78016587 | L8: =AVERAGEIFS('GT Comparison'!X:X,'GT Comparison'!B:B,"Gemini",'GT Comparison'!E:E,"zero",'GT Comparison'!D:D,1) -> 0.82882138 | M8: =AVERAGEIFS('GT Comparison'!AA:AA,'GT Comparison'!B:B,"Gemini",'GT Comparison'!E:E,"zero",'GT Comparison'!D:D,1) -> 0.74700861 | N8: =AVERAGEIFS('GT Comparison'!AB:AB,'GT Comparison'!B:B,"Gemini",'GT Comparison'!E:E,"zero",'GT Comparison'!D:D,1) -> 0.57482145 | O8: =AVERAGEIFS('GT Comparison'!AC:AC,'GT Comparison'!B:B,"Gemini",'GT Comparison'!E:E,"zero",'GT Comparison'!D:D,1) -> 0.63942017
C9: 2 | D9: =AVERAGEIFS('GT Comparison'!L:L,'GT Comparison'!B:B,"Gemini",'GT Comparison'!E:E,"zero",'GT Comparison'!D:D,2) -> 0.96422764 | E9: =AVERAGEIFS('GT Comparison'!M:M,'GT Comparison'!B:B,"Gemini",'GT Comparison'!E:E,"zero",'GT Comparison'!D:D,2) -> 0.8286782 | F9: =AVERAGEIFS('GT Comparison'!N:N,'GT Comparison'!B:B,"Gemini",'GT Comparison'!E:E,"zero",'GT Comparison'!D:D,2) -> 0.88181818 | G9: =AVERAGEIFS('GT Comparison'!Q:Q,'GT Comparison'!B:B,"Gemini",'GT Comparison'!E:E,"zero",'GT Comparison'!D:D,2) -> 0.98809524 | H9: =AVERAGEIFS('GT Comparison'!R:R,'GT Comparison'!B:B,"Gemini",'GT Comparison'!E:E,"zero",'GT Comparison'!D:D,2) -> 0.76193305 | I9: =AVERAGEIFS('GT Comparison'!S:S,'GT Comparison'!B:B,"Gemini",'GT Comparison'!E:E,"zero",'GT Comparison'!D:D,2) -> 0.84308182 | J9: =AVERAGEIFS('GT Comparison'!V:V,'GT Comparison'!B:B,"Gemini",'GT Comparison'!E:E,"zero",'GT Comparison'!D:D,2) -> 0.9117158 | K9: =AVERAGEIFS('GT Comparison'!W:W,'GT Comparison'!B:B,"Gemini",'GT Comparison'!E:E,"zero",'GT Comparison'!D:D,2) -> 0.78197992 | L9: =AVERAGEIFS('GT Comparison'!X:X,'GT Comparison'!B:B,"Gemini",'GT Comparison'!E:E,"zero",'GT Comparison'!D:D,2) -> 0.83236446 | M9: =AVERAGEIFS('GT Comparison'!AA:AA,'GT Comparison'!B:B,"Gemini",'GT Comparison'!E:E,"zero",'GT Comparison'!D:D,2) -> 0.75828386 | N9: =AVERAGEIFS('GT Comparison'!AB:AB,'GT Comparison'!B:B,"Gemini",'GT Comparison'!E:E,"zero",'GT Comparison'!D:D,2) -> 0.58693749 | O9: =AVERAGEIFS('GT Comparison'!AC:AC,'GT Comparison'!B:B,"Gemini",'GT Comparison'!E:E,"zero",'GT Comparison'!D:D,2) -> 0.64880689
C10: 3 | D10: =AVERAGEIFS('GT Comparison'!L:L,'GT Comparison'!B:B,"Gemini",'GT Comparison'!E:E,"zero",'GT Comparison'!D:D,3) -> 0.97333333 | E10: =AVERAGEIFS('GT Comparison'!M:M,'GT Comparison'!B:B,"Gemini",'GT Comparison'!E:E,"zero",'GT Comparison'!D:D,3) -> 0.86019166 | F10: =AVERAGEIFS('GT Comparison'!N:N,'GT Comparison'!B:B,"Gemini",'GT Comparison'!E:E,"zero",'GT Comparison'!D:D,3) -> 0.90369859 | G10: =AVERAGEIFS('GT Comparison'!Q:Q,'GT Comparison'!B:B,"Gemini",'GT Comparison'!E:E,"zero",'GT Comparison'!D:D,3) -> 0.98809524 | H10: =AVERAGEIFS('GT Comparison'!R:R,'GT Comparison'!B:B,"Gemini",'GT Comparison'!E:E,"zero",'GT Comparison'!D:D,3) -> 0.77186402 | I10: =AVERAGEIFS('GT Comparison'!S:S,'GT Comparison'!B:B,"Gemini",'GT Comparison'!E:E,"zero",'GT Comparison'!D:D,3) -> 0.8527908 | J10: =AVERAGEIFS('GT Comparison'!V:V,'GT Comparison'!B:B,"Gemini",'GT Comparison'!E:E,"zero",'GT Comparison'!D:D,3) -> 0.8839552 | K10: =AVERAGEIFS('GT Comparison'!W:W,'GT Comparison'!B:B,"Gemini",'GT Comparison'!E:E,"zero",'GT Comparison'!D:D,3) -> 0.77702615 | L10: =AVERAGEIFS('GT Comparison'!X:X,'GT Comparison'!B:B,"Gemini",'GT Comparison'!E:E,"zero",'GT Comparison'!D:D,3) -> 0.81763812 | M10: =AVERAGEIFS('GT Comparison'!AA:AA,'GT Comparison'!B:B,"Gemini",'GT Comparison'!E:E,"zero",'GT Comparison'!D:D,3) -> 0.71826763 | N10: =AVERAGEIFS('GT Comparison'!AB:AB,'GT Comparison'!B:B,"Gemini",'GT Comparison'!E:E,"zero",'GT Comparison'!D:D,3) -> 0.56089005 | O10: =AVERAGEIFS('GT Comparison'!AC:AC,'GT Comparison'!B:B,"Gemini",'GT Comparison'!E:E,"zero",'GT Comparison'!D:D,3) -> 0.62042901
A11: Mistral | B11: One-shot | C11: 1 | D11: =AVERAGEIFS('GT Comparison'!L:L,'GT Comparison'!B:B,"Mistral",'GT Comparison'!E:E,"one",'GT Comparison'!D:D,1) -> 0.9714591 | E11: =AVERAGEIFS('GT Comparison'!M:M,'GT Comparison'!B:B,"Mistral",'GT Comparison'!E:E,"one",'GT Comparison'!D:D,1) -> 0.84814551 | F11: =AVERAGEIFS('GT Comparison'!N:N,'GT Comparison'!B:B,"Mistral",'GT Comparison'!E:E,"one",'GT Comparison'!D:D,1) -> 0.89834146 | G11: =AVERAGEIFS('GT Comparison'!Q:Q,'GT Comparison'!B:B,"Mistral",'GT Comparison'!E:E,"one",'GT Comparison'!D:D,1) -> 0.98738095 | H11: =AVERAGEIFS('GT Comparison'!R:R,'GT Comparison'!B:B,"Mistral",'GT Comparison'!E:E,"one",'GT Comparison'!D:D,1) -> 0.73660919 | I11: =AVERAGEIFS('GT Comparison'!S:S,'GT Comparison'!B:B,"Mistral",'GT Comparison'!E:E,"one",'GT Comparison'!D:D,1) -> 0.82744638 | J11: =AVERAGEIFS('GT Comparison'!V:V,'GT Comparison'!B:B,"Mistral",'GT Comparison'!E:E,"one",'GT Comparison'!D:D,1) -> 0.83949232 | K11: =AVERAGEIFS('GT Comparison'!W:W,'GT Comparison'!B:B,"Mistral",'GT Comparison'!E:E,"one",'GT Comparison'!D:D,1) -> 0.75512477 | L11: =AVERAGEIFS('GT Comparison'!X:X,'GT Comparison'!B:B,"Mistral",'GT Comparison'!E:E,"one",'GT Comparison'!D:D,1) -> 0.78983017 | M11: =AVERAGEIFS('GT Comparison'!AA:AA,'GT Comparison'!B:B,"Mistral",'GT Comparison'!E:E,"one",'GT Comparison'!D:D,1) -> 0.73641131 | N11: =AVERAGEIFS('GT Comparison'!AB:AB,'GT Comparison'!B:B,"Mistral",'GT Comparison'!E:E,"one",'GT Comparison'!D:D,1) -> 0.54541733 | O11: =AVERAGEIFS('GT Comparison'!AC:AC,'GT Comparison'!B:B,"Mistral",'GT Comparison'!E:E,"one",'GT Comparison'!D:D,1) -> 0.61490383
C12: 2 | D12: =AVERAGEIFS('GT Comparison'!L:L,'GT Comparison'!B:B,"Mistral",'GT Comparison'!E:E,"one",'GT Comparison'!D:D,2) -> 0.97715248 | E12: =AVERAGEIFS('GT Comparison'!M:M,'GT Comparison'!B:B,"Mistral",'GT Comparison'!E:E,"one",'GT Comparison'!D:D,2) -> 0.84610786 | F12: =AVERAGEIFS('GT Comparison'!N:N,'GT Comparison'!B:B,"Mistral",'GT Comparison'!E:E,"one",'GT Comparison'!D:D,2) -> 0.89871024 | G12: =AVERAGEIFS('GT Comparison'!Q:Q,'GT Comparison'!B:B,"Mistral",'GT Comparison'!E:E,"one",'GT Comparison'!D:D,2) -> 0.99319728 | H12: =AVERAGEIFS('GT Comparison'!R:R,'GT Comparison'!B:B,"Mistral",'GT Comparison'!E:E,"one",'GT Comparison'!D:D,2) -> 0.70891522 | I12: =AVERAGEIFS('GT Comparison'!S:S,'GT Comparison'!B:B,"Mistral",'GT Comparison'!E:E,"one",'GT Comparison'!D:D,2) -> 0.81163529 | J12: =AVERAGEIFS('GT Comparison'!V:V,'GT Comparison'!B:B,"Mistral",'GT Comparison'!E:E,"one",'GT Comparison'!D:D,2) -> 0.80667626 | K12: =AVERAGEIFS('GT Comparison'!W:W,'GT Comparison'!B:B,"Mistral",'GT Comparison'!E:E,"one",'GT Comparison'!D:D,2) -> 0.72202718 | L12: =AVERAGEIFS('GT Comparison'!X:X,'GT Comparison'!B:B,"Mistral",'GT Comparison'!E:E,"one",'GT Comparison'!D:D,2) -> 0.756219 | M12: =AVERAGEIFS('GT Comparison'!AA:AA,'GT Comparison'!B:B,"Mistral",'GT Comparison'!E:E,"one",'GT Comparison'!D:D,2) -> 0.73566904 | N12: =AVERAGEIFS('GT Comparison'!AB:AB,'GT Comparison'!B:B,"Mistral",'GT Comparison'!E:E,"one",'GT Comparison'!D:D,2) -> 0.53209199 | O12: =AVERAGEIFS('GT Comparison'!AC:AC,'GT Comparison'!B:B,"Mistral",'GT Comparison'!E:E,"one",'GT Comparison'!D:D,2) -> 0.60597148
C13: 3 | D13: =AVERAGEIFS('GT Comparison'!L:L,'GT Comparison'!B:B,"Mistral",'GT Comparison'!E:E,"one",'GT Comparison'!D:D,3) -> 0.98440448 | E13: =AVERAGEIFS('GT Comparison'!M:M,'GT Comparison'!B:B,"Mistral",'GT Comparison'!E:E,"one",'GT Comparison'!D:D,3) -> 0.90769706 | F13: =AVERAGEIFS('GT Comparison'!N:N,'GT Comparison'!B:B,"Mistral",'GT Comparison'!E:E,"one",'GT Comparison'!D:D,3) -> 0.93214028 | G13: =AVERAGEIFS('GT Comparison'!Q:Q,'GT Comparison'!B:B,"Mistral",'GT Comparison'!E:E,"one",'GT Comparison'!D:D,3) -> 0.98397959 | H13: =AVERAGEIFS('GT Comparison'!R:R,'GT Comparison'!B:B,"Mistral",'GT Comparison'!E:E,"one",'GT Comparison'!D:D,3) -> 0.76272548 | I13: =AVERAGEIFS('GT Comparison'!S:S,'GT Comparison'!B:B,"Mistral",'GT Comparison'!E:E,"one",'GT Comparison'!D:D,3) -> 0.8400042 | J13: =AVERAGEIFS('GT Comparison'!V:V,'GT Comparison'!B:B,"Mistral",'GT Comparison'!E:E,"one",'GT Comparison'!D:D,3) -> 0.81252398 | K13: =AVERAGEIFS('GT Comparison'!W:W,'GT Comparison'!B:B,"Mistral",'GT Comparison'!E:E,"one",'GT Comparison'!D:D,3) -> 0.76103368 | L13: =AVERAGEIFS('GT Comparison'!X:X,'GT Comparison'!B:B,"Mistral",'GT Comparison'!E:E,"one",'GT Comparison'!D:D,3) -> 0.77805607 | M13: =AVERAGEIFS('GT Comparison'!AA:AA,'GT Comparison'!B:B,"Mistral",'GT Comparison'!E:E,"one",'GT Comparison'!D:D,3) -> 0.72963732 | N13: =AVERAGEIFS('GT Comparison'!AB:AB,'GT Comparison'!B:B,"Mistral",'GT Comparison'!E:E,"one",'GT Comparison'!D:D,3) -> 0.55387837 | O13: =AVERAGEIFS('GT Comparison'!AC:AC,'GT Comparison'!B:B,"Mistral",'GT Comparison'!E:E,"one",'GT Comparison'!D:D,3) -> 0.6162055
B14: Zero-shot | C14: 1 | D14: =AVERAGEIFS('GT Comparison'!L:L,'GT Comparison'!B:B,"Mistral",'GT Comparison'!E:E,"zero",'GT Comparison'!D:D,1) -> 0.9784151 | E14: =AVERAGEIFS('GT Comparison'!M:M,'GT Comparison'!B:B,"Mistral",'GT Comparison'!E:E,"zero",'GT Comparison'!D:D,1) -> 0.88224263 | F14: =AVERAGEIFS('GT Comparison'!N:N,'GT Comparison'!B:B,"Mistral",'GT Comparison'!E:E,"zero",'GT Comparison'!D:D,1) -> 0.91740996 | G14: =AVERAGEIFS('GT Comparison'!Q:Q,'GT Comparison'!B:B,"Mistral",'GT Comparison'!E:E,"zero",'GT Comparison'!D:D,1) -> 0.99829932 | H14: =AVERAGEIFS('GT Comparison'!R:R,'GT Comparison'!B:B,"Mistral",'GT Comparison'!E:E,"zero",'GT Comparison'!D:D,1) -> 0.72628044 | I14: =AVERAGEIFS('GT Comparison'!S:S,'GT Comparison'!B:B,"Mistral",'GT Comparison'!E:E,"zero",'GT Comparison'!D:D,1) -> 0.82772317 | J14: =AVERAGEIFS('GT Comparison'!V:V,'GT Comparison'!B:B,"Mistral",'GT Comparison'!E:E,"zero",'GT Comparison'!D:D,1) -> 0.88704305 | K14: =AVERAGEIFS('GT Comparison'!W:W,'GT Comparison'!B:B,"Mistral",'GT Comparison'!E:E,"zero",'GT Comparison'!D:D,1) -> 0.81358694 | L14: =AVERAGEIFS('GT Comparison'!X:X,'GT Comparison'!B:B,"Mistral",'GT Comparison'!E:E,"zero",'GT Comparison'!D:D,1) -> 0.83986612 | M14: =AVERAGEIFS('GT Comparison'!AA:AA,'GT Comparison'!B:B,"Mistral",'GT Comparison'!E:E,"zero",'GT Comparison'!D:D,1) -> 0.77992605 | N14: =AVERAGEIFS('GT Comparison'!AB:AB,'GT Comparison'!B:B,"Mistral",'GT Comparison'!E:E,"zero",'GT Comparison'!D:D,1) -> 0.56549806 | O14: =AVERAGEIFS('GT Comparison'!AC:AC,'GT Comparison'!B:B,"Mistral",'GT Comparison'!E:E,"zero",'GT Comparison'!D:D,1) -> 0.64486603
C15: 2 | D15: =AVERAGEIFS('GT Comparison'!L:L,'GT Comparison'!B:B,"Mistral",'GT Comparison'!E:E,"zero",'GT Comparison'!D:D,2) -> 0.98055648 | E15: =AVERAGEIFS('GT Comparison'!M:M,'GT Comparison'!B:B,"Mistral",'GT Comparison'!E:E,"zero",'GT Comparison'!D:D,2) -> 0.88290228 | F15: =AVERAGEIFS('GT Comparison'!N:N,'GT Comparison'!B:B,"Mistral",'GT Comparison'!E:E,"zero",'GT Comparison'!D:D,2) -> 0.92090165 | G15: =AVERAGEIFS('GT Comparison'!Q:Q,'GT Comparison'!B:B,"Mistral",'GT Comparison'!E:E,"zero",'GT Comparison'!D:D,2) -> 1 | H15: =AVERAGEIFS('GT Comparison'!R:R,'GT Comparison'!B:B,"Mistral",'GT Comparison'!E:E,"zero",'GT Comparison'!D:D,2) -> 0.73478284 | I15: =AVERAGEIFS('GT Comparison'!S:S,'GT Comparison'!B:B,"Mistral",'GT Comparison'!E:E,"zero",'GT Comparison'!D:D,2) -> 0.83055585 | J15: =AVERAGEIFS('GT Comparison'!V:V,'GT Comparison'!B:B,"Mistral",'GT Comparison'!E:E,"zero",'GT Comparison'!D:D,2) -> 0.89068359 | K15: =AVERAGEIFS('GT Comparison'!W:W,'GT Comparison'!B:B,"Mistral",'GT Comparison'!E:E,"zero",'GT Comparison'!D:D,2) -> 0.81649356 | L15: =AVERAGEIFS('GT Comparison'!X:X,'GT Comparison'!B:B,"Mistral",'GT Comparison'!E:E,"zero",'GT Comparison'!D:D,2) -> 0.8451894 | M15: =AVERAGEIFS('GT Comparison'!AA:AA,'GT Comparison'!B:B,"Mistral",'GT Comparison'!E:E,"zero",'GT Comparison'!D:D,2) -> 0.78499776 | N15: =AVERAGEIFS('GT Comparison'!AB:AB,'GT Comparison'!B:B,"Mistral",'GT Comparison'!E:E,"zero",'GT Comparison'!D:D,2) -> 0.56924246 | O15: =AVERAGEIFS('GT Comparison'!AC:AC,'GT Comparison'!B:B,"Mistral",'GT Comparison'!E:E,"zero",'GT Comparison'!D:D,2) -> 0.64627663
C16: 3 | D16: =AVERAGEIFS('GT Comparison'!L:L,'GT Comparison'!B:B,"Mistral",'GT Comparison'!E:E,"zero",'GT Comparison'!D:D,3) -> 0.97955748 | E16: =AVERAGEIFS('GT Comparison'!M:M,'GT Comparison'!B:B,"Mistral",'GT Comparison'!E:E,"zero",'GT Comparison'!D:D,3) -> 0.89358049 | F16: =AVERAGEIFS('GT Comparison'!N:N,'GT Comparison'!B:B,"Mistral",'GT Comparison'!E:E,"zero",'GT Comparison'!D:D,3) -> 0.92573551 | G16: =AVERAGEIFS('GT Comparison'!Q:Q,'GT Comparison'!B:B,"Mistral",'GT Comparison'!E:E,"zero",'GT Comparison'!D:D,3) -> 1 | H16: =AVERAGEIFS('GT Comparison'!R:R,'GT Comparison'!B:B,"Mistral",'GT Comparison'!E:E,"zero",'GT Comparison'!D:D,3) -> 0.71065941 | I16: =AVERAGEIFS('GT Comparison'!S:S,'GT Comparison'!B:B,"Mistral",'GT Comparison'!E:E,"zero",'GT Comparison'!D:D,3) -> 0.80784942 | J16: =AVERAGEIFS('GT Comparison'!V:V,'GT Comparison'!B:B,"Mistral",'GT Comparison'!E:E,"zero",'GT Comparison'!D:D,3) -> 0.8898088 | K16: =AVERAGEIFS('GT Comparison'!W:W,'GT Comparison'!B:B,"Mistral",'GT Comparison'!E:E,"zero",'GT Comparison'!D:D,3) -> 0.82568067 | L16: =AVERAGEIFS('GT Comparison'!X:X,'GT Comparison'!B:B,"Mistral",'GT Comparison'!E:E,"zero",'GT Comparison'!D:D,3) -> 0.84940549 | M16: =AVERAGEIFS('GT Comparison'!AA:AA,'GT Comparison'!B:B,"Mistral",'GT Comparison'!E:E,"zero",'GT Comparison'!D:D,3) -> 0.80549511 | N16: =AVERAGEIFS('GT Comparison'!AB:AB,'GT Comparison'!B:B,"Mistral",'GT Comparison'!E:E,"zero",'GT Comparison'!D:D,3) -> 0.5644588 | O16: =AVERAGEIFS('GT Comparison'!AC:AC,'GT Comparison'!B:B,"Mistral",'GT Comparison'!E:E,"zero",'GT Comparison'!D:D,3) -> 0.64412507
A17: Llama | B17: One-shot | C17: 1 | D17: =AVERAGEIFS('GT Comparison'!L:L,'GT Comparison'!B:B,"Llama 3",'GT Comparison'!E:E,"one",'GT Comparison'!D:D,1) -> 0.94430702 | E17: =AVERAGEIFS('GT Comparison'!M:M,'GT Comparison'!B:B,"Llama 3",'GT Comparison'!E:E,"one",'GT Comparison'!D:D,1) -> 0.83405166 | F17: =AVERAGEIFS('GT Comparison'!N:N,'GT Comparison'!B:B,"Llama 3",'GT Comparison'!E:E,"one",'GT Comparison'!D:D,1) -> 0.86764024 | G17: =AVERAGEIFS('GT Comparison'!Q:Q,'GT Comparison'!B:B,"Llama 3",'GT Comparison'!E:E,"one",'GT Comparison'!D:D,1) -> 0.95543015 | H17: =AVERAGEIFS('GT Comparison'!R:R,'GT Comparison'!B:B,"Llama 3",'GT Comparison'!E:E,"one",'GT Comparison'!D:D,1) -> 0.66793864 | I17: =AVERAGEIFS('GT Comparison'!S:S,'GT Comparison'!B:B,"Llama 3",'GT Comparison'!E:E,"one",'GT Comparison'!D:D,1) -> 0.76147663 | J17: =AVERAGEIFS('GT Comparison'!V:V,'GT Comparison'!B:B,"Llama 3",'GT Comparison'!E:E,"one",'GT Comparison'!D:D,1) -> 0.78449031 | K17: =AVERAGEIFS('GT Comparison'!W:W,'GT Comparison'!B:B,"Llama 3",'GT Comparison'!E:E,"one",'GT Comparison'!D:D,1) -> 0.71463986 | L17: =AVERAGEIFS('GT Comparison'!X:X,'GT Comparison'!B:B,"Llama 3",'GT Comparison'!E:E,"one",'GT Comparison'!D:D,1) -> 0.77478906 | M17: =AVERAGEIFS('GT Comparison'!AA:AA,'GT Comparison'!B:B,"Llama 3",'GT Comparison'!E:E,"one",'GT Comparison'!D:D,1) -> 0.68289901 | N17: =AVERAGEIFS('GT Comparison'!AB:AB,'GT Comparison'!B:B,"Llama 3",'GT Comparison'!E:E,"one",'GT Comparison'!D:D,1) -> 0.46637169 | O17: =AVERAGEIFS('GT Comparison'!AC:AC,'GT Comparison'!B:B,"Llama 3",'GT Comparison'!E:E,"one",'GT Comparison'!D:D,1) -> 0.53521711
C18: 2 | D18: =AVERAGEIFS('GT Comparison'!L:L,'GT Comparison'!B:B,"Llama 3",'GT Comparison'!E:E,"one",'GT Comparison'!D:D,2) -> 0.94733045 | E18: =AVERAGEIFS('GT Comparison'!M:M,'GT Comparison'!B:B,"Llama 3",'GT Comparison'!E:E,"one",'GT Comparison'!D:D,2) -> 0.83982367 | F18: =AVERAGEIFS('GT Comparison'!N:N,'GT Comparison'!B:B,"Llama 3",'GT Comparison'!E:E,"one",'GT Comparison'!D:D,2) -> 0.86974778 | G18: =AVERAGEIFS('GT Comparison'!Q:Q,'GT Comparison'!B:B,"Llama 3",'GT Comparison'!E:E,"one",'GT Comparison'!D:D,2) -> 0.95609153 | H18: =AVERAGEIFS('GT Comparison'!R:R,'GT Comparison'!B:B,"Llama 3",'GT Comparison'!E:E,"one",'GT Comparison'!D:D,2) -> 0.65892827 | I18: =AVERAGEIFS('GT Comparison'!S:S,'GT Comparison'!B:B,"Llama 3",'GT Comparison'!E:E,"one",'GT Comparison'!D:D,2) -> 0.76373778 | J18: =AVERAGEIFS('GT Comparison'!V:V,'GT Comparison'!B:B,"Llama 3",'GT Comparison'!E:E,"one",'GT Comparison'!D:D,2) -> 0.78264791 | K18: =AVERAGEIFS('GT Comparison'!W:W,'GT Comparison'!B:B,"Llama 3",'GT Comparison'!E:E,"one",'GT Comparison'!D:D,2) -> 0.71481851 | L18: =AVERAGEIFS('GT Comparison'!X:X,'GT Comparison'!B:B,"Llama 3",'GT Comparison'!E:E,"one",'GT Comparison'!D:D,2) -> 0.75340282 | M18: =AVERAGEIFS('GT Comparison'!AA:AA,'GT Comparison'!B:B,"Llama 3",'GT Comparison'!E:E,"one",'GT Comparison'!D:D,2) -> 0.69360012 | N18: =AVERAGEIFS('GT Comparison'!AB:AB,'GT Comparison'!B:B,"Llama 3",'GT Comparison'!E:E,"one",'GT Comparison'!D:D,2) -> 0.47455186 | O18: =AVERAGEIFS('GT Comparison'!AC:AC,'GT Comparison'!B:B,"Llama 3",'GT Comparison'!E:E,"one",'GT Comparison'!D:D,2) -> 0.55158725
C19: 3 | D19: =AVERAGEIFS('GT Comparison'!L:L,'GT Comparison'!B:B,"Llama 3",'GT Comparison'!E:E,"one",'GT Comparison'!D:D,3) -> 0.93712637 | E19: =AVERAGEIFS('GT Comparison'!M:M,'GT Comparison'!B:B,"Llama 3",'GT Comparison'!E:E,"one",'GT Comparison'!D:D,3) -> 0.8567274 | F19: =AVERAGEIFS('GT Comparison'!N:N,'GT Comparison'!B:B,"Llama 3",'GT Comparison'!E:E,"one",'GT Comparison'!D:D,3) -> 0.87233601 | G19: =AVERAGEIFS('GT Comparison'!Q:Q,'GT Comparison'!B:B,"Llama 3",'GT Comparison'!E:E,"one",'GT Comparison'!D:D,3) -> 0.96450904 | H19: =AVERAGEIFS('GT Comparison'!R:R,'GT Comparison'!B:B,"Llama 3",'GT Comparison'!E:E,"one",'GT Comparison'!D:D,3) -> 0.66511909 | I19: =AVERAGEIFS('GT Comparison'!S:S,'GT Comparison'!B:B,"Llama 3",'GT Comparison'!E:E,"one",'GT Comparison'!D:D,3) -> 0.76447769 | J19: =AVERAGEIFS('GT Comparison'!V:V,'GT Comparison'!B:B,"Llama 3",'GT Comparison'!E:E,"one",'GT Comparison'!D:D,3) -> 0.75744005 | K19: =AVERAGEIFS('GT Comparison'!W:W,'GT Comparison'!B:B,"Llama 3",'GT Comparison'!E:E,"one",'GT Comparison'!D:D,3) -> 0.70677894 | L19: =AVERAGEIFS('GT Comparison'!X:X,'GT Comparison'!B:B,"Llama 3",'GT Comparison'!E:E,"one",'GT Comparison'!D:D,3) -> 0.75430294 | M19: =AVERAGEIFS('GT Comparison'!AA:AA,'GT Comparison'!B:B,"Llama 3",'GT Comparison'!E:E,"one",'GT Comparison'!D:D,3) -> 0.69398943 | N19: =AVERAGEIFS('GT Comparison'!AB:AB,'GT Comparison'!B:B,"Llama 3",'GT Comparison'!E:E,"one",'GT Comparison'!D:D,3) -> 0.46431525 | O19: =AVERAGEIFS('GT Comparison'!AC:AC,'GT Comparison'!B:B,"Llama 3",'GT Comparison'!E:E,"one",'GT Comparison'!D:D,3) -> 0.53939287
B20: Zero-shot | C20: 1 | D20: =AVERAGEIFS('GT Comparison'!L:L,'GT Comparison'!B:B,"Llama 3",'GT Comparison'!E:E,"zero",'GT Comparison'!D:D,1) -> 0.91573506 | E20: =AVERAGEIFS('GT Comparison'!M:M,'GT Comparison'!B:B,"Llama 3",'GT Comparison'!E:E,"zero",'GT Comparison'!D:D,1) -> 0.83933738 | F20: =AVERAGEIFS('GT Comparison'!N:N,'GT Comparison'!B:B,"Llama 3",'GT Comparison'!E:E,"zero",'GT Comparison'!D:D,1) -> 0.86472271 | G20: =AVERAGEIFS('GT Comparison'!Q:Q,'GT Comparison'!B:B,"Llama 3",'GT Comparison'!E:E,"zero",'GT Comparison'!D:D,1) -> 0.99140212 | H20: =AVERAGEIFS('GT Comparison'!R:R,'GT Comparison'!B:B,"Llama 3",'GT Comparison'!E:E,"zero",'GT Comparison'!D:D,1) -> 0.69175055 | I20: =AVERAGEIFS('GT Comparison'!S:S,'GT Comparison'!B:B,"Llama 3",'GT Comparison'!E:E,"zero",'GT Comparison'!D:D,1) -> 0.79020571 | J20: =AVERAGEIFS('GT Comparison'!V:V,'GT Comparison'!B:B,"Llama 3",'GT Comparison'!E:E,"zero",'GT Comparison'!D:D,1) -> 0.76069433 | K20: =AVERAGEIFS('GT Comparison'!W:W,'GT Comparison'!B:B,"Llama 3",'GT Comparison'!E:E,"zero",'GT Comparison'!D:D,1) -> 0.71039754 | L20: =AVERAGEIFS('GT Comparison'!X:X,'GT Comparison'!B:B,"Llama 3",'GT Comparison'!E:E,"zero",'GT Comparison'!D:D,1) -> 0.76389541 | M20: =AVERAGEIFS('GT Comparison'!AA:AA,'GT Comparison'!B:B,"Llama 3",'GT Comparison'!E:E,"zero",'GT Comparison'!D:D,1) -> 0.67397173 | N20: =AVERAGEIFS('GT Comparison'!AB:AB,'GT Comparison'!B:B,"Llama 3",'GT Comparison'!E:E,"zero",'GT Comparison'!D:D,1) -> 0.45995463 | O20: =AVERAGEIFS('GT Comparison'!AC:AC,'GT Comparison'!B:B,"Llama 3",'GT Comparison'!E:E,"zero",'GT Comparison'!D:D,1) -> 0.52768913
C21: 2 | D21: =AVERAGEIFS('GT Comparison'!L:L,'GT Comparison'!B:B,"Llama 3",'GT Comparison'!E:E,"zero",'GT Comparison'!D:D,2) -> 0.89781964 | E21: =AVERAGEIFS('GT Comparison'!M:M,'GT Comparison'!B:B,"Llama 3",'GT Comparison'!E:E,"zero",'GT Comparison'!D:D,2) -> 0.82455005 | F21: =AVERAGEIFS('GT Comparison'!N:N,'GT Comparison'!B:B,"Llama 3",'GT Comparison'!E:E,"zero",'GT Comparison'!D:D,2) -> 0.85144558 | G21: =AVERAGEIFS('GT Comparison'!Q:Q,'GT Comparison'!B:B,"Llama 3",'GT Comparison'!E:E,"zero",'GT Comparison'!D:D,2) -> 0.98611111 | H21: =AVERAGEIFS('GT Comparison'!R:R,'GT Comparison'!B:B,"Llama 3",'GT Comparison'!E:E,"zero",'GT Comparison'!D:D,2) -> 0.67124755 | I21: =AVERAGEIFS('GT Comparison'!S:S,'GT Comparison'!B:B,"Llama 3",'GT Comparison'!E:E,"zero",'GT Comparison'!D:D,2) -> 0.7783793 | J21: =AVERAGEIFS('GT Comparison'!V:V,'GT Comparison'!B:B,"Llama 3",'GT Comparison'!E:E,"zero",'GT Comparison'!D:D,2) -> 0.75895216 | K21: =AVERAGEIFS('GT Comparison'!W:W,'GT Comparison'!B:B,"Llama 3",'GT Comparison'!E:E,"zero",'GT Comparison'!D:D,2) -> 0.70818494 | L21: =AVERAGEIFS('GT Comparison'!X:X,'GT Comparison'!B:B,"Llama 3",'GT Comparison'!E:E,"zero",'GT Comparison'!D:D,2) -> 0.7453252 | M21: =AVERAGEIFS('GT Comparison'!AA:AA,'GT Comparison'!B:B,"Llama 3",'GT Comparison'!E:E,"zero",'GT Comparison'!D:D,2) -> 0.67786221 | N21: =AVERAGEIFS('GT Comparison'!AB:AB,'GT Comparison'!B:B,"Llama 3",'GT Comparison'!E:E,"zero",'GT Comparison'!D:D,2) -> 0.45607268 | O21: =AVERAGEIFS('GT Comparison'!AC:AC,'GT Comparison'!B:B,"Llama 3",'GT Comparison'!E:E,"zero",'GT Comparison'!D:D,2) -> 0.52825346
C22: 3 | D22: =AVERAGEIFS('GT Comparison'!L:L,'GT Comparison'!B:B,"Llama 3",'GT Comparison'!E:E,"zero",'GT Comparison'!D:D,3) -> 0.96646687 | E22: =AVERAGEIFS('GT Comparison'!M:M,'GT Comparison'!B:B,"Llama 3",'GT Comparison'!E:E,"zero",'GT Comparison'!D:D,3) -> 0.89915323 | F22: =AVERAGEIFS('GT Comparison'!N:N,'GT Comparison'!B:B,"Llama 3",'GT Comparison'!E:E,"zero",'GT Comparison'!D:D,3) -> 0.92436115 | G22: =AVERAGEIFS('GT Comparison'!Q:Q,'GT Comparison'!B:B,"Llama 3",'GT Comparison'!E:E,"zero",'GT Comparison'!D:D,3) -> 0.98194444 | H22: =AVERAGEIFS('GT Comparison'!R:R,'GT Comparison'!B:B,"Llama 3",'GT Comparison'!E:E,"zero",'GT Comparison'!D:D,3) -> 0.7143085 | I22: =AVERAGEIFS('GT Comparison'!S:S,'GT Comparison'!B:B,"Llama 3",'GT Comparison'!E:E,"zero",'GT Comparison'!D:D,3) -> 0.8153926 | J22: =AVERAGEIFS('GT Comparison'!V:V,'GT Comparison'!B:B,"Llama 3",'GT Comparison'!E:E,"zero",'GT Comparison'!D:D,3) -> 0.78760922 | K22: =AVERAGEIFS('GT Comparison'!W:W,'GT Comparison'!B:B,"Llama 3",'GT Comparison'!E:E,"zero",'GT Comparison'!D:D,3) -> 0.73811691 | L22: =AVERAGEIFS('GT Comparison'!X:X,'GT Comparison'!B:B,"Llama 3",'GT Comparison'!E:E,"zero",'GT Comparison'!D:D,3) -> 0.77526579 | M22: =AVERAGEIFS('GT Comparison'!AA:AA,'GT Comparison'!B:B,"Llama 3",'GT Comparison'!E:E,"zero",'GT Comparison'!D:D,3) -> 0.66741569 | N22: =AVERAGEIFS('GT Comparison'!AB:AB,'GT Comparison'!B:B,"Llama 3",'GT Comparison'!E:E,"zero",'GT Comparison'!D:D,3) -> 0.48855549 | O22: =AVERAGEIFS('GT Comparison'!AC:AC,'GT Comparison'!B:B,"Llama 3",'GT Comparison'!E:E,"zero",'GT Comparison'!D:D,3) -> 0.55515808
A24: SQ3 — Temperatures | Filter: model + prompt + temperature (avg over all iterations & descriptions)
A25: Replace [col] placeholders with actual column letters from your GT Comparison sheet.
A26: Model | B26: Prompt | C26: Temp | D26: Syn DRD | G26: Syn DT | J26: Sem DRD | M26: Sem DT
D27: P | E27: R | F27: F1 | G27: P | H27: R | I27: F1 | J27: P | K27: R | L27: F1 | M27: P | N27: R | O27: F1
A28: Gemini | B28: One-shot | C28: 0.2 | D28: =AVERAGEIFS('GT Comparison'!L:L,'GT Comparison'!B:B,"Gemini",'GT Comparison'!E:E,"one",'GT Comparison'!C:C,"T=0.2") -> 0.96998507 | E28: =AVERAGEIFS('GT Comparison'!M:M,'GT Comparison'!B:B,"Gemini",'GT Comparison'!E:E,"one",'GT Comparison'!C:C,"T=0.2") -> 0.83772259 | F28: =AVERAGEIFS('GT Comparison'!N:N,'GT Comparison'!B:B,"Gemini",'GT Comparison'!E:E,"one",'GT Comparison'!C:C,"T=0.2") -> 0.89443489 | G28: =AVERAGEIFS('GT Comparison'!Q:Q,'GT Comparison'!B:B,"Gemini",'GT Comparison'!E:E,"one",'GT Comparison'!C:C,"T=0.2") -> 0.99206349 | H28: =AVERAGEIFS('GT Comparison'!R:R,'GT Comparison'!B:B,"Gemini",'GT Comparison'!E:E,"one",'GT Comparison'!C:C,"T=0.2") -> 0.78913372 | I28: =AVERAGEIFS('GT Comparison'!S:S,'GT Comparison'!B:B,"Gemini",'GT Comparison'!E:E,"one",'GT Comparison'!C:C,"T=0.2") -> 0.8611421 | J28: =AVERAGEIFS('GT Comparison'!V:V,'GT Comparison'!B:B,"Gemini",'GT Comparison'!E:E,"one",'GT Comparison'!C:C,"T=0.2") -> 0.8551845 | K28: =AVERAGEIFS('GT Comparison'!W:W,'GT Comparison'!B:B,"Gemini",'GT Comparison'!E:E,"one",'GT Comparison'!C:C,"T=0.2") -> 0.75365323 | L28: =AVERAGEIFS('GT Comparison'!X:X,'GT Comparison'!B:B,"Gemini",'GT Comparison'!E:E,"one",'GT Comparison'!C:C,"T=0.2") -> 0.79281591 | M28: =AVERAGEIFS('GT Comparison'!AA:AA,'GT Comparison'!B:B,"Gemini",'GT Comparison'!E:E,"one",'GT Comparison'!C:C,"T=0.2") -> 0.80625285 | N28: =AVERAGEIFS('GT Comparison'!AB:AB,'GT Comparison'!B:B,"Gemini",'GT Comparison'!E:E,"one",'GT Comparison'!C:C,"T=0.2") -> 0.64840469 | O28: =AVERAGEIFS('GT Comparison'!AC:AC,'GT Comparison'!B:B,"Gemini",'GT Comparison'!E:E,"one",'GT Comparison'!C:C,"T=0.2") -> 0.70463235
C29: 0.4 | D29: =AVERAGEIFS('GT Comparison'!L:L,'GT Comparison'!B:B,"Gemini",'GT Comparison'!E:E,"one",'GT Comparison'!C:C,"T=0.4") -> 0.97996977 | E29: =AVERAGEIFS('GT Comparison'!M:M,'GT Comparison'!B:B,"Gemini",'GT Comparison'!E:E,"one",'GT Comparison'!C:C,"T=0.4") -> 0.85059861 | F29: =AVERAGEIFS('GT Comparison'!N:N,'GT Comparison'!B:B,"Gemini",'GT Comparison'!E:E,"one",'GT Comparison'!C:C,"T=0.4") -> 0.90199443 | G29: =AVERAGEIFS('GT Comparison'!Q:Q,'GT Comparison'!B:B,"Gemini",'GT Comparison'!E:E,"one",'GT Comparison'!C:C,"T=0.4") -> 0.99206349 | H29: =AVERAGEIFS('GT Comparison'!R:R,'GT Comparison'!B:B,"Gemini",'GT Comparison'!E:E,"one",'GT Comparison'!C:C,"T=0.4") -> 0.79300715 | I29: =AVERAGEIFS('GT Comparison'!S:S,'GT Comparison'!B:B,"Gemini",'GT Comparison'!E:E,"one",'GT Comparison'!C:C,"T=0.4") -> 0.86354257 | J29: =AVERAGEIFS('GT Comparison'!V:V,'GT Comparison'!B:B,"Gemini",'GT Comparison'!E:E,"one",'GT Comparison'!C:C,"T=0.4") -> 0.84862915 | K29: =AVERAGEIFS('GT Comparison'!W:W,'GT Comparison'!B:B,"Gemini",'GT Comparison'!E:E,"one",'GT Comparison'!C:C,"T=0.4") -> 0.75759003 | L29: =AVERAGEIFS('GT Comparison'!X:X,'GT Comparison'!B:B,"Gemini",'GT Comparison'!E:E,"one",'GT Comparison'!C:C,"T=0.4") -> 0.79349103 | M29: =AVERAGEIFS('GT Comparison'!AA:AA,'GT Comparison'!B:B,"Gemini",'GT Comparison'!E:E,"one",'GT Comparison'!C:C,"T=0.4") -> 0.82692818 | N29: =AVERAGEIFS('GT Comparison'!AB:AB,'GT Comparison'!B:B,"Gemini",'GT Comparison'!E:E,"one",'GT Comparison'!C:C,"T=0.4") -> 0.67587109 | O29: =AVERAGEIFS('GT Comparison'!AC:AC,'GT Comparison'!B:B,"Gemini",'GT Comparison'!E:E,"one",'GT Comparison'!C:C,"T=0.4") -> 0.72919632
C30: 0.6 | D30: =AVERAGEIFS('GT Comparison'!L:L,'GT Comparison'!B:B,"Gemini",'GT Comparison'!E:E,"one",'GT Comparison'!C:C,"T=0.6") -> 0.96417234 | E30: =AVERAGEIFS('GT Comparison'!M:M,'GT Comparison'!B:B,"Gemini",'GT Comparison'!E:E,"one",'GT Comparison'!C:C,"T=0.6") -> 0.85890723 | F30: =AVERAGEIFS('GT Comparison'!N:N,'GT Comparison'!B:B,"Gemini",'GT Comparison'!E:E,"one",'GT Comparison'!C:C,"T=0.6") -> 0.89851577 | G30: =AVERAGEIFS('GT Comparison'!Q:Q,'GT Comparison'!B:B,"Gemini",'GT Comparison'!E:E,"one",'GT Comparison'!C:C,"T=0.6") -> 0.99603175 | H30: =AVERAGEIFS('GT Comparison'!R:R,'GT Comparison'!B:B,"Gemini",'GT Comparison'!E:E,"one",'GT Comparison'!C:C,"T=0.6") -> 0.82667273 | I30: =AVERAGEIFS('GT Comparison'!S:S,'GT Comparison'!B:B,"Gemini",'GT Comparison'!E:E,"one",'GT Comparison'!C:C,"T=0.6") -> 0.88054272 | J30: =AVERAGEIFS('GT Comparison'!V:V,'GT Comparison'!B:B,"Gemini",'GT Comparison'!E:E,"one",'GT Comparison'!C:C,"T=0.6") -> 0.84573627 | K30: =AVERAGEIFS('GT Comparison'!W:W,'GT Comparison'!B:B,"Gemini",'GT Comparison'!E:E,"one",'GT Comparison'!C:C,"T=0.6") -> 0.77236414 | L30: =AVERAGEIFS('GT Comparison'!X:X,'GT Comparison'!B:B,"Gemini",'GT Comparison'!E:E,"one",'GT Comparison'!C:C,"T=0.6") -> 0.79936611 | M30: =AVERAGEIFS('GT Comparison'!AA:AA,'GT Comparison'!B:B,"Gemini",'GT Comparison'!E:E,"one",'GT Comparison'!C:C,"T=0.6") -> 0.84317493 | N30: =AVERAGEIFS('GT Comparison'!AB:AB,'GT Comparison'!B:B,"Gemini",'GT Comparison'!E:E,"one",'GT Comparison'!C:C,"T=0.6") -> 0.70384893 | O30: =AVERAGEIFS('GT Comparison'!AC:AC,'GT Comparison'!B:B,"Gemini",'GT Comparison'!E:E,"one",'GT Comparison'!C:C,"T=0.6") -> 0.74852953
B31: Zero-shot | C31: 0.2 | D31: =AVERAGEIFS('GT Comparison'!L:L,'GT Comparison'!B:B,"Gemini",'GT Comparison'!E:E,"zero",'GT Comparison'!C:C,"T=0.2") -> 0.98200542 | E31: =AVERAGEIFS('GT Comparison'!M:M,'GT Comparison'!B:B,"Gemini",'GT Comparison'!E:E,"zero",'GT Comparison'!C:C,"T=0.2") -> 0.86711067 | F31: =AVERAGEIFS('GT Comparison'!N:N,'GT Comparison'!B:B,"Gemini",'GT Comparison'!E:E,"zero",'GT Comparison'!C:C,"T=0.2") -> 0.91214531 | G31: =AVERAGEIFS('GT Comparison'!Q:Q,'GT Comparison'!B:B,"Gemini",'GT Comparison'!E:E,"zero",'GT Comparison'!C:C,"T=0.2") -> 0.98809524 | H31: =AVERAGEIFS('GT Comparison'!R:R,'GT Comparison'!B:B,"Gemini",'GT Comparison'!E:E,"zero",'GT Comparison'!C:C,"T=0.2") -> 0.75651687 | I31: =AVERAGEIFS('GT Comparison'!S:S,'GT Comparison'!B:B,"Gemini",'GT Comparison'!E:E,"zero",'GT Comparison'!C:C,"T=0.2") -> 0.84256186 | J31: =AVERAGEIFS('GT Comparison'!V:V,'GT Comparison'!B:B,"Gemini",'GT Comparison'!E:E,"zero",'GT Comparison'!C:C,"T=0.2") -> 0.88196248 | K31: =AVERAGEIFS('GT Comparison'!W:W,'GT Comparison'!B:B,"Gemini",'GT Comparison'!E:E,"zero",'GT Comparison'!C:C,"T=0.2") -> 0.77678195 | L31: =AVERAGEIFS('GT Comparison'!X:X,'GT Comparison'!B:B,"Gemini",'GT Comparison'!E:E,"zero",'GT Comparison'!C:C,"T=0.2") -> 0.81713564 | M31: =AVERAGEIFS('GT Comparison'!AA:AA,'GT Comparison'!B:B,"Gemini",'GT Comparison'!E:E,"zero",'GT Comparison'!C:C,"T=0.2") -> 0.70719079 | N31: =AVERAGEIFS('GT Comparison'!AB:AB,'GT Comparison'!B:B,"Gemini",'GT Comparison'!E:E,"zero",'GT Comparison'!C:C,"T=0.2") -> 0.53233428 | O31: =AVERAGEIFS('GT Comparison'!AC:AC,'GT Comparison'!B:B,"Gemini",'GT Comparison'!E:E,"zero",'GT Comparison'!C:C,"T=0.2") -> 0.59826378
C32: 0.4 | D32: =AVERAGEIFS('GT Comparison'!L:L,'GT Comparison'!B:B,"Gemini",'GT Comparison'!E:E,"zero",'GT Comparison'!C:C,"T=0.4") -> 0.96507937 | E32: =AVERAGEIFS('GT Comparison'!M:M,'GT Comparison'!B:B,"Gemini",'GT Comparison'!E:E,"zero",'GT Comparison'!C:C,"T=0.4") -> 0.8323412 | F32: =AVERAGEIFS('GT Comparison'!N:N,'GT Comparison'!B:B,"Gemini",'GT Comparison'!E:E,"zero",'GT Comparison'!C:C,"T=0.4") -> 0.88400072 | G32: =AVERAGEIFS('GT Comparison'!Q:Q,'GT Comparison'!B:B,"Gemini",'GT Comparison'!E:E,"zero",'GT Comparison'!C:C,"T=0.4") -> 0.98809524 | H32: =AVERAGEIFS('GT Comparison'!R:R,'GT Comparison'!B:B,"Gemini",'GT Comparison'!E:E,"zero",'GT Comparison'!C:C,"T=0.4") -> 0.77169158 | I32: =AVERAGEIFS('GT Comparison'!S:S,'GT Comparison'!B:B,"Gemini",'GT Comparison'!E:E,"zero",'GT Comparison'!C:C,"T=0.4") -> 0.84969645 | J32: =AVERAGEIFS('GT Comparison'!V:V,'GT Comparison'!B:B,"Gemini",'GT Comparison'!E:E,"zero",'GT Comparison'!C:C,"T=0.4") -> 0.90350443 | K32: =AVERAGEIFS('GT Comparison'!W:W,'GT Comparison'!B:B,"Gemini",'GT Comparison'!E:E,"zero",'GT Comparison'!C:C,"T=0.4") -> 0.77882276 | L32: =AVERAGEIFS('GT Comparison'!X:X,'GT Comparison'!B:B,"Gemini",'GT Comparison'!E:E,"zero",'GT Comparison'!C:C,"T=0.4") -> 0.82733972 | M32: =AVERAGEIFS('GT Comparison'!AA:AA,'GT Comparison'!B:B,"Gemini",'GT Comparison'!E:E,"zero",'GT Comparison'!C:C,"T=0.4") -> 0.75153783 | N32: =AVERAGEIFS('GT Comparison'!AB:AB,'GT Comparison'!B:B,"Gemini",'GT Comparison'!E:E,"zero",'GT Comparison'!C:C,"T=0.4") -> 0.59182588 | O32: =AVERAGEIFS('GT Comparison'!AC:AC,'GT Comparison'!B:B,"Gemini",'GT Comparison'!E:E,"zero",'GT Comparison'!C:C,"T=0.4") -> 0.64960447
C33: 0.6 | D33: =AVERAGEIFS('GT Comparison'!L:L,'GT Comparison'!B:B,"Gemini",'GT Comparison'!E:E,"zero",'GT Comparison'!C:C,"T=0.6") -> 0.96507937 | E33: =AVERAGEIFS('GT Comparison'!M:M,'GT Comparison'!B:B,"Gemini",'GT Comparison'!E:E,"zero",'GT Comparison'!C:C,"T=0.6") -> 0.8286782 | F33: =AVERAGEIFS('GT Comparison'!N:N,'GT Comparison'!B:B,"Gemini",'GT Comparison'!E:E,"zero",'GT Comparison'!C:C,"T=0.6") -> 0.88165584 | G33: =AVERAGEIFS('GT Comparison'!Q:Q,'GT Comparison'!B:B,"Gemini",'GT Comparison'!E:E,"zero",'GT Comparison'!C:C,"T=0.6") -> 0.98809524 | H33: =AVERAGEIFS('GT Comparison'!R:R,'GT Comparison'!B:B,"Gemini",'GT Comparison'!E:E,"zero",'GT Comparison'!C:C,"T=0.6") -> 0.76309607 | I33: =AVERAGEIFS('GT Comparison'!S:S,'GT Comparison'!B:B,"Gemini",'GT Comparison'!E:E,"zero",'GT Comparison'!C:C,"T=0.6") -> 0.84678034 | J33: =AVERAGEIFS('GT Comparison'!V:V,'GT Comparison'!B:B,"Gemini",'GT Comparison'!E:E,"zero",'GT Comparison'!C:C,"T=0.6") -> 0.9143613 | K33: =AVERAGEIFS('GT Comparison'!W:W,'GT Comparison'!B:B,"Gemini",'GT Comparison'!E:E,"zero",'GT Comparison'!C:C,"T=0.6") -> 0.78356723 | L33: =AVERAGEIFS('GT Comparison'!X:X,'GT Comparison'!B:B,"Gemini",'GT Comparison'!E:E,"zero",'GT Comparison'!C:C,"T=0.6") -> 0.83434859 | M33: =AVERAGEIFS('GT Comparison'!AA:AA,'GT Comparison'!B:B,"Gemini",'GT Comparison'!E:E,"zero",'GT Comparison'!C:C,"T=0.6") -> 0.76483148 | N33: =AVERAGEIFS('GT Comparison'!AB:AB,'GT Comparison'!B:B,"Gemini",'GT Comparison'!E:E,"zero",'GT Comparison'!C:C,"T=0.6") -> 0.59848882 | O33: =AVERAGEIFS('GT Comparison'!AC:AC,'GT Comparison'!B:B,"Gemini",'GT Comparison'!E:E,"zero",'GT Comparison'!C:C,"T=0.6") -> 0.66078782
A34: Mistral | B34: One-shot | C34: 0.2 | D34: =AVERAGEIFS('GT Comparison'!L:L,'GT Comparison'!B:B,"Mistral",'GT Comparison'!E:E,"one",'GT Comparison'!C:C,"T=0.2") -> 0.97395197 | E34: =AVERAGEIFS('GT Comparison'!M:M,'GT Comparison'!B:B,"Mistral",'GT Comparison'!E:E,"one",'GT Comparison'!C:C,"T=0.2") -> 0.84847851 | F34: =AVERAGEIFS('GT Comparison'!N:N,'GT Comparison'!B:B,"Mistral",'GT Comparison'!E:E,"one",'GT Comparison'!C:C,"T=0.2") -> 0.89989177 | G34: =AVERAGEIFS('GT Comparison'!Q:Q,'GT Comparison'!B:B,"Mistral",'GT Comparison'!E:E,"one",'GT Comparison'!C:C,"T=0.2") -> 0.98469388 | H34: =AVERAGEIFS('GT Comparison'!R:R,'GT Comparison'!B:B,"Mistral",'GT Comparison'!E:E,"one",'GT Comparison'!C:C,"T=0.2") -> 0.72583026 | I34: =AVERAGEIFS('GT Comparison'!S:S,'GT Comparison'!B:B,"Mistral",'GT Comparison'!E:E,"one",'GT Comparison'!C:C,"T=0.2") -> 0.81469488 | J34: =AVERAGEIFS('GT Comparison'!V:V,'GT Comparison'!B:B,"Mistral",'GT Comparison'!E:E,"one",'GT Comparison'!C:C,"T=0.2") -> 0.84006575 | K34: =AVERAGEIFS('GT Comparison'!W:W,'GT Comparison'!B:B,"Mistral",'GT Comparison'!E:E,"one",'GT Comparison'!C:C,"T=0.2") -> 0.75305647 | L34: =AVERAGEIFS('GT Comparison'!X:X,'GT Comparison'!B:B,"Mistral",'GT Comparison'!E:E,"one",'GT Comparison'!C:C,"T=0.2") -> 0.7889765 | M34: =AVERAGEIFS('GT Comparison'!AA:AA,'GT Comparison'!B:B,"Mistral",'GT Comparison'!E:E,"one",'GT Comparison'!C:C,"T=0.2") -> 0.74221995 | N34: =AVERAGEIFS('GT Comparison'!AB:AB,'GT Comparison'!B:B,"Mistral",'GT Comparison'!E:E,"one",'GT Comparison'!C:C,"T=0.2") -> 0.54395422 | O34: =AVERAGEIFS('GT Comparison'!AC:AC,'GT Comparison'!B:B,"Mistral",'GT Comparison'!E:E,"one",'GT Comparison'!C:C,"T=0.2") -> 0.61194441
C35: 0.4 | D35: =AVERAGEIFS('GT Comparison'!L:L,'GT Comparison'!B:B,"Mistral",'GT Comparison'!E:E,"one",'GT Comparison'!C:C,"T=0.4") -> 0.9784521 | E35: =AVERAGEIFS('GT Comparison'!M:M,'GT Comparison'!B:B,"Mistral",'GT Comparison'!E:E,"one",'GT Comparison'!C:C,"T=0.4") -> 0.88653304 | F35: =AVERAGEIFS('GT Comparison'!N:N,'GT Comparison'!B:B,"Mistral",'GT Comparison'!E:E,"one",'GT Comparison'!C:C,"T=0.4") -> 0.92076073 | G35: =AVERAGEIFS('GT Comparison'!Q:Q,'GT Comparison'!B:B,"Mistral",'GT Comparison'!E:E,"one",'GT Comparison'!C:C,"T=0.4") -> 0.98326531 | H35: =AVERAGEIFS('GT Comparison'!R:R,'GT Comparison'!B:B,"Mistral",'GT Comparison'!E:E,"one",'GT Comparison'!C:C,"T=0.4") -> 0.72973415 | I35: =AVERAGEIFS('GT Comparison'!S:S,'GT Comparison'!B:B,"Mistral",'GT Comparison'!E:E,"one",'GT Comparison'!C:C,"T=0.4") -> 0.8274697 | J35: =AVERAGEIFS('GT Comparison'!V:V,'GT Comparison'!B:B,"Mistral",'GT Comparison'!E:E,"one",'GT Comparison'!C:C,"T=0.4") -> 0.8233233 | K35: =AVERAGEIFS('GT Comparison'!W:W,'GT Comparison'!B:B,"Mistral",'GT Comparison'!E:E,"one",'GT Comparison'!C:C,"T=0.4") -> 0.76103368 | L35: =AVERAGEIFS('GT Comparison'!X:X,'GT Comparison'!B:B,"Mistral",'GT Comparison'!E:E,"one",'GT Comparison'!C:C,"T=0.4") -> 0.78470873 | M35: =AVERAGEIFS('GT Comparison'!AA:AA,'GT Comparison'!B:B,"Mistral",'GT Comparison'!E:E,"one",'GT Comparison'!C:C,"T=0.4") -> 0.75423751 | N35: =AVERAGEIFS('GT Comparison'!AB:AB,'GT Comparison'!B:B,"Mistral",'GT Comparison'!E:E,"one",'GT Comparison'!C:C,"T=0.4") -> 0.56133973 | O35: =AVERAGEIFS('GT Comparison'!AC:AC,'GT Comparison'!B:B,"Mistral",'GT Comparison'!E:E,"one",'GT Comparison'!C:C,"T=0.4") -> 0.63530801
C36: 0.6 | D36: =AVERAGEIFS('GT Comparison'!L:L,'GT Comparison'!B:B,"Mistral",'GT Comparison'!E:E,"one",'GT Comparison'!C:C,"T=0.6") -> 0.98061198 | E36: =AVERAGEIFS('GT Comparison'!M:M,'GT Comparison'!B:B,"Mistral",'GT Comparison'!E:E,"one",'GT Comparison'!C:C,"T=0.6") -> 0.86693888 | F36: =AVERAGEIFS('GT Comparison'!N:N,'GT Comparison'!B:B,"Mistral",'GT Comparison'!E:E,"one",'GT Comparison'!C:C,"T=0.6") -> 0.90853948 | G36: =AVERAGEIFS('GT Comparison'!Q:Q,'GT Comparison'!B:B,"Mistral",'GT Comparison'!E:E,"one",'GT Comparison'!C:C,"T=0.6") -> 0.99659864 | H36: =AVERAGEIFS('GT Comparison'!R:R,'GT Comparison'!B:B,"Mistral",'GT Comparison'!E:E,"one",'GT Comparison'!C:C,"T=0.6") -> 0.75268548 | I36: =AVERAGEIFS('GT Comparison'!S:S,'GT Comparison'!B:B,"Mistral",'GT Comparison'!E:E,"one",'GT Comparison'!C:C,"T=0.6") -> 0.8369213 | J36: =AVERAGEIFS('GT Comparison'!V:V,'GT Comparison'!B:B,"Mistral",'GT Comparison'!E:E,"one",'GT Comparison'!C:C,"T=0.6") -> 0.79530351 | K36: =AVERAGEIFS('GT Comparison'!W:W,'GT Comparison'!B:B,"Mistral",'GT Comparison'!E:E,"one",'GT Comparison'!C:C,"T=0.6") -> 0.72409548 | L36: =AVERAGEIFS('GT Comparison'!X:X,'GT Comparison'!B:B,"Mistral",'GT Comparison'!E:E,"one",'GT Comparison'!C:C,"T=0.6") -> 0.75042002 | M36: =AVERAGEIFS('GT Comparison'!AA:AA,'GT Comparison'!B:B,"Mistral",'GT Comparison'!E:E,"one",'GT Comparison'!C:C,"T=0.6") -> 0.70526022 | N36: =AVERAGEIFS('GT Comparison'!AB:AB,'GT Comparison'!B:B,"Mistral",'GT Comparison'!E:E,"one",'GT Comparison'!C:C,"T=0.6") -> 0.52609373 | O36: =AVERAGEIFS('GT Comparison'!AC:AC,'GT Comparison'!B:B,"Mistral",'GT Comparison'!E:E,"one",'GT Comparison'!C:C,"T=0.6") -> 0.58982839
B37: Zero-shot | C37: 0.2 | D37: =AVERAGEIFS('GT Comparison'!L:L,'GT Comparison'!B:B,"Mistral",'GT Comparison'!E:E,"zero",'GT Comparison'!C:C,"T=0.2") -> 0.98172198 | E37: =AVERAGEIFS('GT Comparison'!M:M,'GT Comparison'!B:B,"Mistral",'GT Comparison'!E:E,"zero",'GT Comparison'!C:C,"T=0.2") -> 0.87980327 | F37: =AVERAGEIFS('GT Comparison'!N:N,'GT Comparison'!B:B,"Mistral",'GT Comparison'!E:E,"zero",'GT Comparison'!C:C,"T=0.2") -> 0.917799 | G37: =AVERAGEIFS('GT Comparison'!Q:Q,'GT Comparison'!B:B,"Mistral",'GT Comparison'!E:E,"zero",'GT Comparison'!C:C,"T=0.2") -> 1 | H37: =AVERAGEIFS('GT Comparison'!R:R,'GT Comparison'!B:B,"Mistral",'GT Comparison'!E:E,"zero",'GT Comparison'!C:C,"T=0.2") -> 0.69535179 | I37: =AVERAGEIFS('GT Comparison'!S:S,'GT Comparison'!B:B,"Mistral",'GT Comparison'!E:E,"zero",'GT Comparison'!C:C,"T=0.2") -> 0.80068564 | J37: =AVERAGEIFS('GT Comparison'!V:V,'GT Comparison'!B:B,"Mistral",'GT Comparison'!E:E,"zero",'GT Comparison'!C:C,"T=0.2") -> 0.89365681 | K37: =AVERAGEIFS('GT Comparison'!W:W,'GT Comparison'!B:B,"Mistral",'GT Comparison'!E:E,"zero",'GT Comparison'!C:C,"T=0.2") -> 0.81551094 | L37: =AVERAGEIFS('GT Comparison'!X:X,'GT Comparison'!B:B,"Mistral",'GT Comparison'!E:E,"zero",'GT Comparison'!C:C,"T=0.2") -> 0.84411448 | M37: =AVERAGEIFS('GT Comparison'!AA:AA,'GT Comparison'!B:B,"Mistral",'GT Comparison'!E:E,"zero",'GT Comparison'!C:C,"T=0.2") -> 0.7859419 | N37: =AVERAGEIFS('GT Comparison'!AB:AB,'GT Comparison'!B:B,"Mistral",'GT Comparison'!E:E,"zero",'GT Comparison'!C:C,"T=0.2") -> 0.53715393 | O37: =AVERAGEIFS('GT Comparison'!AC:AC,'GT Comparison'!B:B,"Mistral",'GT Comparison'!E:E,"zero",'GT Comparison'!C:C,"T=0.2") -> 0.62196833
C38: 0.4 | D38: =AVERAGEIFS('GT Comparison'!L:L,'GT Comparison'!B:B,"Mistral",'GT Comparison'!E:E,"zero",'GT Comparison'!C:C,"T=0.4") -> 0.9788961 | E38: =AVERAGEIFS('GT Comparison'!M:M,'GT Comparison'!B:B,"Mistral",'GT Comparison'!E:E,"zero",'GT Comparison'!C:C,"T=0.4") -> 0.88224263 | F38: =AVERAGEIFS('GT Comparison'!N:N,'GT Comparison'!B:B,"Mistral",'GT Comparison'!E:E,"zero",'GT Comparison'!C:C,"T=0.4") -> 0.91707927 | G38: =AVERAGEIFS('GT Comparison'!Q:Q,'GT Comparison'!B:B,"Mistral",'GT Comparison'!E:E,"zero",'GT Comparison'!C:C,"T=0.4") -> 1 | H38: =AVERAGEIFS('GT Comparison'!R:R,'GT Comparison'!B:B,"Mistral",'GT Comparison'!E:E,"zero",'GT Comparison'!C:C,"T=0.4") -> 0.71766452 | I38: =AVERAGEIFS('GT Comparison'!S:S,'GT Comparison'!B:B,"Mistral",'GT Comparison'!E:E,"zero",'GT Comparison'!C:C,"T=0.4") -> 0.81745013 | J38: =AVERAGEIFS('GT Comparison'!V:V,'GT Comparison'!B:B,"Mistral",'GT Comparison'!E:E,"zero",'GT Comparison'!C:C,"T=0.4") -> 0.87855683 | K38: =AVERAGEIFS('GT Comparison'!W:W,'GT Comparison'!B:B,"Mistral",'GT Comparison'!E:E,"zero",'GT Comparison'!C:C,"T=0.4") -> 0.80459223 | L38: =AVERAGEIFS('GT Comparison'!X:X,'GT Comparison'!B:B,"Mistral",'GT Comparison'!E:E,"zero",'GT Comparison'!C:C,"T=0.4") -> 0.83065265 | M38: =AVERAGEIFS('GT Comparison'!AA:AA,'GT Comparison'!B:B,"Mistral",'GT Comparison'!E:E,"zero",'GT Comparison'!C:C,"T=0.4") -> 0.78431916 | N38: =AVERAGEIFS('GT Comparison'!AB:AB,'GT Comparison'!B:B,"Mistral",'GT Comparison'!E:E,"zero",'GT Comparison'!C:C,"T=0.4") -> 0.55261072 | O38: =AVERAGEIFS('GT Comparison'!AC:AC,'GT Comparison'!B:B,"Mistral",'GT Comparison'!E:E,"zero",'GT Comparison'!C:C,"T=0.4") -> 0.6331452
C39: 0.6 | D39: =AVERAGEIFS('GT Comparison'!L:L,'GT Comparison'!B:B,"Mistral",'GT Comparison'!E:E,"zero",'GT Comparison'!C:C,"T=0.6") -> 0.97791098 | E39: =AVERAGEIFS('GT Comparison'!M:M,'GT Comparison'!B:B,"Mistral",'GT Comparison'!E:E,"zero",'GT Comparison'!C:C,"T=0.6") -> 0.89667951 | F39: =AVERAGEIFS('GT Comparison'!N:N,'GT Comparison'!B:B,"Mistral",'GT Comparison'!E:E,"zero",'GT Comparison'!C:C,"T=0.6") -> 0.92916885 | G39: =AVERAGEIFS('GT Comparison'!Q:Q,'GT Comparison'!B:B,"Mistral",'GT Comparison'!E:E,"zero",'GT Comparison'!C:C,"T=0.6") -> 0.99829932 | H39: =AVERAGEIFS('GT Comparison'!R:R,'GT Comparison'!B:B,"Mistral",'GT Comparison'!E:E,"zero",'GT Comparison'!C:C,"T=0.6") -> 0.75870637 | I39: =AVERAGEIFS('GT Comparison'!S:S,'GT Comparison'!B:B,"Mistral",'GT Comparison'!E:E,"zero",'GT Comparison'!C:C,"T=0.6") -> 0.84799267 | J39: =AVERAGEIFS('GT Comparison'!V:V,'GT Comparison'!B:B,"Mistral",'GT Comparison'!E:E,"zero",'GT Comparison'!C:C,"T=0.6") -> 0.89532181 | K39: =AVERAGEIFS('GT Comparison'!W:W,'GT Comparison'!B:B,"Mistral",'GT Comparison'!E:E,"zero",'GT Comparison'!C:C,"T=0.6") -> 0.83565799 | L39: =AVERAGEIFS('GT Comparison'!X:X,'GT Comparison'!B:B,"Mistral",'GT Comparison'!E:E,"zero",'GT Comparison'!C:C,"T=0.6") -> 0.85969388 | M39: =AVERAGEIFS('GT Comparison'!AA:AA,'GT Comparison'!B:B,"Mistral",'GT Comparison'!E:E,"zero",'GT Comparison'!C:C,"T=0.6") -> 0.80015786 | N39: =AVERAGEIFS('GT Comparison'!AB:AB,'GT Comparison'!B:B,"Mistral",'GT Comparison'!E:E,"zero",'GT Comparison'!C:C,"T=0.6") -> 0.60943466 | O39: =AVERAGEIFS('GT Comparison'!AC:AC,'GT Comparison'!B:B,"Mistral",'GT Comparison'!E:E,"zero",'GT Comparison'!C:C,"T=0.6") -> 0.68015419
A40: Llama | B40: One-shot | C40: 0.2 | D40: =AVERAGEIFS('GT Comparison'!L:L,'GT Comparison'!B:B,"Llama 3",'GT Comparison'!E:E,"one",'GT Comparison'!C:C,"T=0.2") -> 0.94997595 | E40: =AVERAGEIFS('GT Comparison'!M:M,'GT Comparison'!B:B,"Llama 3",'GT Comparison'!E:E,"one",'GT Comparison'!C:C,"T=0.2") -> 0.86126255 | F40: =AVERAGEIFS('GT Comparison'!N:N,'GT Comparison'!B:B,"Llama 3",'GT Comparison'!E:E,"one",'GT Comparison'!C:C,"T=0.2") -> 0.88329238 | G40: =AVERAGEIFS('GT Comparison'!Q:Q,'GT Comparison'!B:B,"Llama 3",'GT Comparison'!E:E,"one",'GT Comparison'!C:C,"T=0.2") -> 0.95212327 | H40: =AVERAGEIFS('GT Comparison'!R:R,'GT Comparison'!B:B,"Llama 3",'GT Comparison'!E:E,"one",'GT Comparison'!C:C,"T=0.2") -> 0.67469053 | I40: =AVERAGEIFS('GT Comparison'!S:S,'GT Comparison'!B:B,"Llama 3",'GT Comparison'!E:E,"one",'GT Comparison'!C:C,"T=0.2") -> 0.76840324 | J40: =AVERAGEIFS('GT Comparison'!V:V,'GT Comparison'!B:B,"Llama 3",'GT Comparison'!E:E,"one",'GT Comparison'!C:C,"T=0.2") -> 0.76603793 | K40: =AVERAGEIFS('GT Comparison'!W:W,'GT Comparison'!B:B,"Llama 3",'GT Comparison'!E:E,"one",'GT Comparison'!C:C,"T=0.2") -> 0.71539572 | L40: =AVERAGEIFS('GT Comparison'!X:X,'GT Comparison'!B:B,"Llama 3",'GT Comparison'!E:E,"one",'GT Comparison'!C:C,"T=0.2") -> 0.78480014 | M40: =AVERAGEIFS('GT Comparison'!AA:AA,'GT Comparison'!B:B,"Llama 3",'GT Comparison'!E:E,"one",'GT Comparison'!C:C,"T=0.2") -> 0.68183107 | N40: =AVERAGEIFS('GT Comparison'!AB:AB,'GT Comparison'!B:B,"Llama 3",'GT Comparison'!E:E,"one",'GT Comparison'!C:C,"T=0.2") -> 0.46989185 | O40: =AVERAGEIFS('GT Comparison'!AC:AC,'GT Comparison'!B:B,"Llama 3",'GT Comparison'!E:E,"one",'GT Comparison'!C:C,"T=0.2") -> 0.54055827
C41: 0.4 | D41: =AVERAGEIFS('GT Comparison'!L:L,'GT Comparison'!B:B,"Llama 3",'GT Comparison'!E:E,"one",'GT Comparison'!C:C,"T=0.4") -> 0.94733045 | E41: =AVERAGEIFS('GT Comparison'!M:M,'GT Comparison'!B:B,"Llama 3",'GT Comparison'!E:E,"one",'GT Comparison'!C:C,"T=0.4") -> 0.84662639 | F41: =AVERAGEIFS('GT Comparison'!N:N,'GT Comparison'!B:B,"Llama 3",'GT Comparison'!E:E,"one",'GT Comparison'!C:C,"T=0.4") -> 0.87233759 | G41: =AVERAGEIFS('GT Comparison'!Q:Q,'GT Comparison'!B:B,"Llama 3",'GT Comparison'!E:E,"one",'GT Comparison'!C:C,"T=0.4") -> 0.96185494 | H41: =AVERAGEIFS('GT Comparison'!R:R,'GT Comparison'!B:B,"Llama 3",'GT Comparison'!E:E,"one",'GT Comparison'!C:C,"T=0.4") -> 0.63331436 | I41: =AVERAGEIFS('GT Comparison'!S:S,'GT Comparison'!B:B,"Llama 3",'GT Comparison'!E:E,"one",'GT Comparison'!C:C,"T=0.4") -> 0.74491567 | J41: =AVERAGEIFS('GT Comparison'!V:V,'GT Comparison'!B:B,"Llama 3",'GT Comparison'!E:E,"one",'GT Comparison'!C:C,"T=0.4") -> 0.76512145 | K41: =AVERAGEIFS('GT Comparison'!W:W,'GT Comparison'!B:B,"Llama 3",'GT Comparison'!E:E,"one",'GT Comparison'!C:C,"T=0.4") -> 0.70121307 | L41: =AVERAGEIFS('GT Comparison'!X:X,'GT Comparison'!B:B,"Llama 3",'GT Comparison'!E:E,"one",'GT Comparison'!C:C,"T=0.4") -> 0.73689661 | M41: =AVERAGEIFS('GT Comparison'!AA:AA,'GT Comparison'!B:B,"Llama 3",'GT Comparison'!E:E,"one",'GT Comparison'!C:C,"T=0.4") -> 0.71004003 | N41: =AVERAGEIFS('GT Comparison'!AB:AB,'GT Comparison'!B:B,"Llama 3",'GT Comparison'!E:E,"one",'GT Comparison'!C:C,"T=0.4") -> 0.45861951 | O41: =AVERAGEIFS('GT Comparison'!AC:AC,'GT Comparison'!B:B,"Llama 3",'GT Comparison'!E:E,"one",'GT Comparison'!C:C,"T=0.4") -> 0.54229733
C42: 0.6 | D42: =AVERAGEIFS('GT Comparison'!L:L,'GT Comparison'!B:B,"Llama 3",'GT Comparison'!E:E,"one",'GT Comparison'!C:C,"T=0.6") -> 0.93145743 | E42: =AVERAGEIFS('GT Comparison'!M:M,'GT Comparison'!B:B,"Llama 3",'GT Comparison'!E:E,"one",'GT Comparison'!C:C,"T=0.6") -> 0.82271379 | F42: =AVERAGEIFS('GT Comparison'!N:N,'GT Comparison'!B:B,"Llama 3",'GT Comparison'!E:E,"one",'GT Comparison'!C:C,"T=0.6") -> 0.85409406 | G42: =AVERAGEIFS('GT Comparison'!Q:Q,'GT Comparison'!B:B,"Llama 3",'GT Comparison'!E:E,"one",'GT Comparison'!C:C,"T=0.6") -> 0.9620525 | H42: =AVERAGEIFS('GT Comparison'!R:R,'GT Comparison'!B:B,"Llama 3",'GT Comparison'!E:E,"one",'GT Comparison'!C:C,"T=0.6") -> 0.68398112 | I42: =AVERAGEIFS('GT Comparison'!S:S,'GT Comparison'!B:B,"Llama 3",'GT Comparison'!E:E,"one",'GT Comparison'!C:C,"T=0.6") -> 0.7763732 | J42: =AVERAGEIFS('GT Comparison'!V:V,'GT Comparison'!B:B,"Llama 3",'GT Comparison'!E:E,"one",'GT Comparison'!C:C,"T=0.6") -> 0.79341888 | K42: =AVERAGEIFS('GT Comparison'!W:W,'GT Comparison'!B:B,"Llama 3",'GT Comparison'!E:E,"one",'GT Comparison'!C:C,"T=0.6") -> 0.71962852 | L42: =AVERAGEIFS('GT Comparison'!X:X,'GT Comparison'!B:B,"Llama 3",'GT Comparison'!E:E,"one",'GT Comparison'!C:C,"T=0.6") -> 0.76178607 | M42: =AVERAGEIFS('GT Comparison'!AA:AA,'GT Comparison'!B:B,"Llama 3",'GT Comparison'!E:E,"one",'GT Comparison'!C:C,"T=0.6") -> 0.67861747 | N42: =AVERAGEIFS('GT Comparison'!AB:AB,'GT Comparison'!B:B,"Llama 3",'GT Comparison'!E:E,"one",'GT Comparison'!C:C,"T=0.6") -> 0.47672744 | O42: =AVERAGEIFS('GT Comparison'!AC:AC,'GT Comparison'!B:B,"Llama 3",'GT Comparison'!E:E,"one",'GT Comparison'!C:C,"T=0.6") -> 0.54334163
